Date,Open,High,Low,Close,Adj Close,Volume
01/11/2013,74.860001,74.971428,73.691429,74.290001,60.658089,68722500
04/11/2013,74.442856,75.260002,74.115715,75.25,61.441933,61156900
05/11/2013,74.940002,75.555717,74.714287,75.064285,61.290287,66303300
06/11/2013,74.878571,74.980003,74.028572,74.417145,63.335331,55843900
07/11/2013,74.225716,74.741432,73.197144,73.21286,62.310387,65655100
08/11/2013,73.511429,74.447144,73.227142,74.365715,63.291553,69829200
11/11/2013,74.284286,74.524284,73.487144,74.150002,63.10796,56863100
12/11/2013,73.952858,74.845711,73.85714,74.28714,63.224682,51069200
13/11/2013,74,74.60714,73.851425,74.375717,63.300076,49305200
14/11/2013,74.687141,75.611427,74.552856,75.451431,64.215599,70604800
15/11/2013,75.225716,75.584282,74.927139,74.998573,63.830181,79480100
18/11/2013,74.998573,75.312859,74.028572,74.089996,63.056896,61236000
19/11/2013,74.147141,74.76857,73.995712,74.221428,63.168758,52234700
20/11/2013,74.175713,74.345711,73.475716,73.571426,62.615551,48479200
21/11/2013,73.942856,74.458572,73.381432,74.44857,63.362068,65506700
22/11/2013,74.21714,74.594284,74.075714,74.257141,63.19915,55931400
25/11/2013,74.431427,75.124283,74.428574,74.82,63.678181,57327900
26/11/2013,74.874283,76.591431,74.85714,76.199997,64.852692,100345700
27/11/2013,76.615715,78,76.199997,77.994286,66.379784,90862100
29/11/2013,78.497147,79.761429,78.258568,79.438568,67.608986,79531900
02/12/2013,79.714287,80.618568,78.688568,78.747147,67.020531,118136200
03/12/2013,79.757141,80.91143,79.668571,80.902855,68.855217,112742000
04/12/2013,80.785713,81.312859,80.117142,80.714287,68.694733,94452400
05/12/2013,81.807144,82.162857,80.915718,81.128571,69.047333,111895000
06/12/2013,80.827141,80.964287,79.938568,80.002853,68.089241,86088100
09/12/2013,80.128571,81.368568,80.128571,80.918571,68.868599,80123400
10/12/2013,80.511429,81.125717,80.171425,80.792854,68.761612,69567400
11/12/2013,81,81.567146,79.955711,80.194283,68.252151,89929700
12/12/2013,80.305717,80.762856,80.004288,80.077141,68.152473,65572500
13/12/2013,80.407143,80.41143,79.095711,79.204285,67.409607,83205500
16/12/2013,79.288574,80.377144,79.28714,79.64286,67.782852,70648200
17/12/2013,79.401428,79.919998,79.054283,79.284286,67.477669,57475600
18/12/2013,78.528572,78.778572,76.971428,78.681427,66.9646,141465800
19/12/2013,78.5,78.571426,77.675713,77.779999,66.19738,80077200
20/12/2013,77.918571,78.80143,77.831429,78.431427,66.751823,109103400
23/12/2013,81.14286,81.531425,80.394287,81.441429,69.313591,125326600
24/12/2013,81.412857,81.697144,80.861427,81.095711,69.019356,41888700
26/12/2013,81.157143,81.35714,80.482857,80.557144,68.560997,51002000
27/12/2013,80.545715,80.629997,79.928574,80.012856,68.097748,56471100
30/12/2013,79.637146,80.012856,78.902855,79.21714,67.420517,63407400
31/12/2013,79.167145,80.182854,79.14286,80.145714,68.210831,55771100
02/01/2014,79.382858,79.575714,78.860001,79.01857,67.251503,58671200
03/01/2014,78.980003,79.099998,77.204285,77.28286,65.7743,98116900
06/01/2014,76.778572,78.114288,76.228569,77.704285,66.132957,103152700
07/01/2014,77.760002,77.994286,76.845711,77.148575,65.660004,79302300
08/01/2014,76.972855,77.937141,76.955711,77.637146,66.075813,64632400
09/01/2014,78.114288,78.122856,76.478569,76.645714,65.232025,69787200
10/01/2014,77.118568,77.257141,75.872856,76.134285,64.796753,76244000
13/01/2014,75.701431,77.5,75.697144,76.53286,65.135979,94623200
14/01/2014,76.888573,78.104286,76.808571,78.055717,66.43206,83140400
15/01/2014,79.074287,80.028572,78.808571,79.622856,67.765808,97909700
16/01/2014,79.271431,79.550003,78.811432,79.178574,67.387703,57319500
17/01/2014,78.78286,78.867142,77.128571,77.238571,65.736603,106684900
21/01/2014,77.284286,78.581429,77.202858,78.438568,66.757919,82131700
22/01/2014,78.701431,79.612854,78.258568,78.78714,67.054565,94996300
23/01/2014,78.562859,79.5,77.830002,79.454285,67.622375,100809800
24/01/2014,79.14286,79.374283,77.821426,78.010002,66.393143,107338700
27/01/2014,78.581429,79.257141,77.964287,78.64286,66.931786,138719700
28/01/2014,72.68,73.571426,71.724289,72.35714,61.582092,266380800
29/01/2014,71.992859,72.48143,71.23143,71.535713,60.88298,125702500
30/01/2014,71.791428,72.35714,70.957146,71.397141,60.765038,169625400
31/01/2014,70.739998,71.647141,70.507141,71.514282,60.864742,116199300
03/02/2014,71.80143,72.53286,71.328575,71.647141,60.977806,100366000
04/02/2014,72.264282,72.779999,71.822861,72.684288,61.860519,94170300
05/02/2014,72.365715,73.611427,72.321426,73.227142,62.322529,82086200
06/02/2014,72.865715,73.35714,72.544289,73.215714,65.021019,64441300
07/02/2014,74.482857,74.704285,73.91143,74.239998,65.930649,92570100
10/02/2014,74.094284,75.998573,74,75.57,67.111786,86389800
11/02/2014,75.80143,76.821426,75.64286,76.565712,67.996056,70564200
12/02/2014,76.707146,77.080002,76.177139,76.559998,67.99099,77025200
13/02/2014,76.379997,77.835716,76.314285,77.775711,69.070618,76849500
14/02/2014,77.495712,77.997147,77.315712,77.71286,69.014824,68231100
18/02/2014,78,78.741432,77.944283,77.998573,69.268555,65062900
19/02/2014,77.821426,78.127144,76.335716,76.767143,68.174957,78442000
20/02/2014,76.141426,76.714287,75.571426,75.878571,67.385818,76464500
21/02/2014,76.112854,76.367142,74.942856,75.035713,66.637291,69696200
24/02/2014,74.735718,75.702858,74.631432,75.364288,66.929108,72227400
25/02/2014,75.625717,75.652855,74.428574,74.580002,66.232597,57988000
26/02/2014,74.80143,75,73.657143,73.907143,65.63504,69054300
27/02/2014,73.877144,75.540001,73.721428,75.381432,66.944336,75470500
28/02/2014,75.582855,76.10714,74.58857,75.177139,66.762894,92992200
03/03/2014,74.774284,75.807144,74.687141,75.394287,66.955742,59695300
04/03/2014,75.85714,76.091431,75.395714,75.891426,67.39724,64785000
05/03/2014,75.845711,76.39286,75.589996,76.05143,67.53933,50015700
06/03/2014,76.112854,76.348572,75.442856,75.821426,67.335083,46372200
07/03/2014,75.870003,75.997147,75.150002,75.777145,67.295746,55182400
10/03/2014,75.480003,76.190002,75.477142,75.845711,67.356644,44646000
11/03/2014,76.492859,76.96286,76.084282,76.584282,68.012543,69806100
12/03/2014,76.358574,76.764282,76,76.658569,68.078506,49831600
13/03/2014,76.777145,77.094284,75.594284,75.807144,67.322395,64435700
14/03/2014,75.541428,75.841431,74.714287,74.955711,66.566254,59299800
17/03/2014,75.385712,75.709999,75.121429,75.248573,66.826332,49886200
18/03/2014,75.128571,75.995712,75.028572,75.914284,67.417549,52411800
19/03/2014,76.03714,76.605713,75.571426,75.894287,67.399796,56189000
20/03/2014,75.69857,76.095711,75.335716,75.528572,67.075005,52099600
21/03/2014,75.989998,76.25,75.190002,76.124283,67.604012,93511600
24/03/2014,76.917145,77.214287,76.437141,77.027145,68.405846,88925200
25/03/2014,77.35714,77.964287,77.084282,77.855713,69.14167,70573300
26/03/2014,78.074287,78.428574,76.980003,77.111427,68.48069,74942000
27/03/2014,77.145714,77.35714,76.445717,76.779999,68.186356,55507900
28/03/2014,76.902855,76.991432,76.321426,76.694283,68.110252,50141000
31/03/2014,77.03286,77.258568,76.561432,76.677139,68.095001,42167300
01/04/2014,76.822861,77.410004,76.681427,77.378571,68.717934,50190000
02/04/2014,77.482857,77.639999,77.18,77.507141,68.832115,45105200
03/04/2014,77.341431,77.5,76.805717,76.970001,68.35511,40586000
04/04/2014,77.115715,77.14286,75.797142,75.974289,67.470833,68812800
07/04/2014,75.431427,75.842857,74.555717,74.781425,66.411484,72462600
08/04/2014,75.027145,75.160004,74.099998,74.777145,66.407692,60972100
09/04/2014,74.662857,75.784286,74.574287,75.760002,67.280518,51542400
10/04/2014,75.811432,76.034286,74.738571,74.78286,66.41275,59913000
11/04/2014,74.14286,74.690002,73.877144,74.230003,65.921761,67929400
14/04/2014,74.557144,74.594284,73.887146,74.525711,66.184387,51418500
15/04/2014,74.324287,74.519997,73.047142,73.994286,65.71244,66622500
16/04/2014,74.007141,74.441429,73.44857,74.144287,65.84565,53691400
17/04/2014,74.285713,75.394287,74.171425,74.991432,66.597977,71083600
21/04/2014,75.048569,76.019997,74.851425,75.881432,67.388367,45637200
22/04/2014,75.472855,75.975716,75.214287,75.957146,67.455612,50640800
23/04/2014,75.580002,75.875717,74.921425,74.964287,66.573868,98735000
24/04/2014,81.172859,81.428574,80.104286,81.110001,72.031723,189977900
25/04/2014,80.647141,81.71286,80.565712,81.705711,72.56076,97568800
28/04/2014,81.828575,85.10714,81.792854,84.870003,75.370872,167371400
29/04/2014,84.82,85.139999,84.215714,84.618568,75.147606,84344400
30/04/2014,84.662857,85.632858,84.257141,84.298569,74.863411,114160200
01/05/2014,84.571426,84.971428,83.765717,84.497147,75.039764,61012000
02/05/2014,84.620003,84.885712,84.244286,84.654289,75.179306,47878600
05/05/2014,84.305717,85.85714,84.285713,85.851425,76.24247,71766800
06/05/2014,85.971428,86.344284,84.915718,84.915718,75.411484,93641100
07/05/2014,85.035713,85.327141,83.961426,84.618568,75.147606,70716100
08/05/2014,84.035713,84.915718,83.771431,83.998573,77.614685,57574300
09/05/2014,83.505714,83.75,82.904289,83.648575,77.29129,72899400
12/05/2014,83.927139,84.808571,83.914284,84.690002,78.253563,53302200
13/05/2014,84.571426,84.934288,84.385712,84.822861,78.37632,39934300
14/05/2014,84.632858,85.342857,84.534286,84.83857,78.390823,41601000
15/05/2014,84.957146,85.228569,84.005714,84.117142,77.724251,57711500
16/05/2014,84.089996,85.361427,83.628571,85.358574,78.871315,69064100
19/05/2014,85.407143,86.761429,85.332855,86.370003,79.80587,79438800
20/05/2014,86.358574,86.628571,85.818573,86.387146,79.821709,58709000
21/05/2014,86.261429,86.671425,86.008568,86.615715,80.032921,49214900
22/05/2014,86.657143,87.121429,86.300003,86.752853,80.159637,50190000
23/05/2014,86.75,87.818573,86.638573,87.732857,81.065155,58052400
27/05/2014,87.982857,89.408569,87.947144,89.375717,82.583153,87216500
28/05/2014,89.431427,89.975716,89.111427,89.144287,82.369324,78870400
29/05/2014,89.692856,90.98143,89.681427,90.76857,83.870155,94118500
30/05/2014,91.139999,92.024284,89.842857,90.428574,83.556007,141005200
02/06/2014,90.565712,90.690002,88.928574,89.807144,82.981796,92337700
03/06/2014,89.779999,91.248573,89.75,91.077141,84.155273,73177300
04/06/2014,91.062859,92.555717,90.872856,92.117142,85.116241,83870500
05/06/2014,92.314285,92.767143,91.80143,92.478569,85.450195,75951400
06/06/2014,92.842857,93.03714,92.067146,92.224289,85.215256,87484600
09/06/2014,92.699997,93.879997,91.75,93.699997,86.578804,75415000
10/06/2014,94.730003,95.050003,93.57,94.25,87.087006,62777000
11/06/2014,94.129997,94.760002,93.470001,93.860001,86.726639,45681000
12/06/2014,94.040001,94.120003,91.900002,92.290001,85.275955,54749000
13/06/2014,92.199997,92.440002,90.879997,91.279999,84.34272,54525000
16/06/2014,91.510002,92.75,91.449997,92.199997,85.192787,35561000
17/06/2014,92.309998,92.699997,91.800003,92.080002,85.081917,29726000
18/06/2014,92.269997,92.290001,91.349998,92.18,85.174324,33514000
19/06/2014,92.290001,92.300003,91.339996,91.860001,84.878632,35528000
20/06/2014,91.849998,92.550003,90.900002,90.910004,84.000832,100898000
23/06/2014,91.32,91.620003,90.599998,90.830002,83.926903,43694000
24/06/2014,90.75,91.739998,90.190002,90.279999,83.418724,39036000
25/06/2014,90.209999,90.699997,89.650002,90.360001,83.492638,36869000
26/06/2014,90.370003,91.050003,89.800003,90.900002,83.9916,32629000
27/06/2014,90.82,92,90.769997,91.980003,84.989525,64029000
30/06/2014,92.099998,93.730003,92.089996,92.93,85.86731,49482300
01/07/2014,93.519997,94.07,93.129997,93.519997,86.412468,38223000
02/07/2014,93.870003,94.059998,93.089996,93.480003,86.375519,28465000
03/07/2014,93.669998,94.099998,93.199997,94.029999,86.883705,22891800
07/07/2014,94.139999,95.989998,94.099998,95.970001,88.6763,56468000
08/07/2014,96.269997,96.800003,93.919998,95.349998,88.103394,65222000
09/07/2014,95.440002,95.949997,94.760002,95.389999,88.14035,36436000
10/07/2014,93.760002,95.550003,93.519997,95.040001,87.816956,39686000
11/07/2014,95.360001,95.889999,94.860001,95.220001,87.983269,34018000
14/07/2014,95.860001,96.889999,95.650002,96.449997,89.119789,42810000
15/07/2014,96.800003,96.849998,95.029999,95.32,88.075691,45477900
16/07/2014,96.970001,97.099998,94.739998,94.779999,87.576706,53396300
17/07/2014,95.029999,95.279999,92.57,93.089996,86.01516,57298000
18/07/2014,93.620003,94.739998,93.019997,94.43,87.253319,49988000
21/07/2014,94.989998,95,93.720001,93.940002,86.800575,39079000
22/07/2014,94.68,94.889999,94.120003,94.720001,87.521286,55197000
23/07/2014,95.419998,97.879997,95.169998,97.190002,89.803558,92918000
24/07/2014,97.040001,97.32,96.419998,97.029999,89.655731,45729000
25/07/2014,96.849998,97.839996,96.639999,97.669998,90.247078,43469000
28/07/2014,97.82,99.239998,97.550003,99.019997,91.494461,55318000
29/07/2014,99.330002,99.440002,98.25,98.379997,90.903114,43143000
30/07/2014,98.440002,98.699997,97.669998,98.150002,90.69059,33010000
31/07/2014,97.160004,97.449997,95.330002,95.599998,88.334381,56843000
01/08/2014,94.900002,96.620003,94.809998,96.129997,88.824104,48511000
04/08/2014,96.370003,96.580002,95.169998,95.589996,88.325157,39958000
05/08/2014,95.360001,95.68,94.360001,95.120003,87.890884,55933000
06/08/2014,94.75,95.480003,94.709999,94.959999,87.743019,38558000
07/08/2014,94.93,95.949997,94.099998,94.480003,87.733749,46711000
08/08/2014,94.260002,94.82,93.279999,94.739998,87.975182,41865000
11/08/2014,95.269997,96.080002,94.839996,95.989998,89.135925,36585000
12/08/2014,96.040001,96.879997,95.610001,95.970001,89.117371,33795000
13/08/2014,96.150002,97.239998,96.040001,97.239998,90.296669,31916000
14/08/2014,97.330002,97.57,96.800003,97.5,90.538109,28116000
15/08/2014,97.900002,98.190002,96.860001,97.980003,90.983833,48951000
18/08/2014,98.489998,99.370003,97.980003,99.160004,92.079597,47572000
19/08/2014,99.410004,100.68,99.32,100.529999,93.351746,69399000
20/08/2014,100.440002,101.089996,99.949997,100.57,93.388893,52699000
21/08/2014,100.57,100.940002,100.110001,100.580002,93.398186,33478000
22/08/2014,100.290001,101.470001,100.190002,101.32,94.085365,44184000
25/08/2014,101.790001,102.169998,101.279999,101.540001,94.289635,40270000
26/08/2014,101.419998,101.5,100.860001,100.889999,93.686043,33152000
27/08/2014,101.019997,102.57,100.699997,102.129997,94.837502,52369000
28/08/2014,101.589996,102.779999,101.559998,102.25,94.948952,68460000
29/08/2014,102.860001,102.900002,102.199997,102.5,95.181084,44595000
02/09/2014,103.059998,103.739998,102.720001,103.300003,95.923973,53564000
03/09/2014,103.099998,103.199997,98.580002,98.940002,91.875275,125421000
04/09/2014,98.849998,100.089996,97.790001,98.120003,91.113846,85718000
05/09/2014,98.800003,99.389999,98.309998,98.970001,91.903145,58457000
08/09/2014,99.300003,99.309998,98.050003,98.360001,91.336708,46356700
09/09/2014,99.080002,103.080002,96.139999,97.989998,90.993126,189846300
10/09/2014,98.010002,101.110001,97.760002,101,93.788208,100869600
11/09/2014,100.410004,101.440002,99.620003,101.43,94.187492,62353100
12/09/2014,101.209999,102.190002,101.080002,101.660004,94.40107,62626100
15/09/2014,102.809998,103.050003,101.440002,101.629997,94.373207,61316500
16/09/2014,99.800003,101.260002,98.889999,100.860001,93.658188,66908100
17/09/2014,101.269997,101.800003,100.589996,101.580002,94.32679,60926500
18/09/2014,101.93,102.349998,101.559998,101.790001,94.521797,37299400
19/09/2014,102.290001,102.349998,100.5,100.959999,93.751045,70902400
22/09/2014,101.800003,102.139999,100.580002,101.059998,93.843903,52788400
23/09/2014,100.599998,102.940002,100.540001,102.639999,95.311096,63402200
24/09/2014,102.160004,102.849998,101.199997,101.75,94.484642,60171800
25/09/2014,100.510002,100.709999,97.720001,97.870003,90.881699,100092000
26/09/2014,98.529999,100.75,98.400002,100.75,93.556053,62370500
29/09/2014,98.650002,100.440002,98.629997,100.110001,92.961739,49766300
30/09/2014,100.809998,101.540001,100.529999,100.75,93.556053,55264100
01/10/2014,100.589996,100.690002,98.699997,99.18,92.098152,51491300
02/10/2014,99.269997,100.220001,98.040001,99.900002,92.766754,47757800
03/10/2014,99.440002,100.209999,99.040001,99.620003,92.50676,43469600
06/10/2014,99.949997,100.650002,99.419998,99.620003,92.50676,37051200
07/10/2014,99.43,100.120003,98.730003,98.75,91.698868,42094200
08/10/2014,98.760002,101.110001,98.309998,100.800003,93.602486,57404700
09/10/2014,101.540001,102.379997,100.610001,101.019997,93.80677,77376500
10/10/2014,100.690002,102.029999,100.300003,100.730003,93.537476,66331600
13/10/2014,101.330002,101.779999,99.809998,99.809998,92.683167,53583400
14/10/2014,100.389999,100.519997,98.57,98.75,91.698868,63688600
15/10/2014,97.970001,99.150002,95.18,97.540001,90.575249,100933600
16/10/2014,95.550003,97.720001,95.410004,96.260002,89.38665,72154500
17/10/2014,97.5,99,96.809998,97.669998,90.695969,68179700
20/10/2014,98.32,99.959999,98.220001,99.760002,92.636742,77517300
21/10/2014,103.019997,103.019997,101.269997,102.470001,95.153221,94623900
22/10/2014,102.839996,104.110001,102.599998,102.989998,95.636108,68263100
23/10/2014,104.080002,105.050003,103.629997,104.830002,97.344711,71074700
24/10/2014,105.18,105.489998,104.529999,105.220001,97.706879,47053900
27/10/2014,104.849998,105.480003,104.699997,105.110001,97.604729,34187700
28/10/2014,105.400002,106.739998,105.349998,106.739998,99.118332,48060900
29/10/2014,106.650002,107.370003,106.360001,107.339996,99.675484,52687900
30/10/2014,106.959999,107.349998,105.900002,106.980003,99.341202,40654800
31/10/2014,108.010002,108.040001,107.209999,108,100.288353,44639300
03/11/2014,108.220001,110.300003,108.010002,109.400002,101.588409,52282600
04/11/2014,109.360001,109.489998,107.720001,108.599998,100.845535,41574400
05/11/2014,109.099998,109.300003,108.129997,108.860001,101.08696,37435900
06/11/2014,108.599998,108.790001,107.800003,108.699997,101.376068,34968500
07/11/2014,108.75,109.32,108.550003,109.010002,101.665161,33691500
10/11/2014,109.019997,109.330002,108.669998,108.830002,101.497307,27195500
11/11/2014,108.699997,109.75,108.400002,109.699997,102.308693,27442300
12/11/2014,109.379997,111.43,109.370003,111.25,103.754272,46942400
13/11/2014,111.800003,113.449997,111.599998,112.82,105.218483,59522900
14/11/2014,113.150002,114.190002,111.209999,114.18,106.486847,44063600
17/11/2014,114.269997,117.279999,113.300003,113.989998,106.309639,46746700
18/11/2014,113.940002,115.690002,113.889999,115.470001,107.689934,44224000
19/11/2014,115.440002,115.739998,113.800003,114.669998,106.94381,41869200
20/11/2014,114.910004,116.860001,114.849998,116.309998,108.473335,43395500
21/11/2014,117.510002,117.57,116.029999,116.470001,108.622566,57179300
24/11/2014,116.849998,118.769997,116.620003,118.629997,110.637016,47450800
25/11/2014,119.07,119.75,117.449997,117.599998,109.676414,68840400
26/11/2014,117.940002,119.099998,117.830002,119,110.982094,40768300
28/11/2014,119.269997,119.400002,118.050003,118.93,110.916801,24814400
01/12/2014,118.809998,119.25,111.269997,115.07,107.316879,83814000
02/12/2014,113.5,115.75,112.75,114.629997,106.906525,59348900
03/12/2014,115.75,116.349998,115.110001,115.93,108.11895,43063400
04/12/2014,115.769997,117.199997,115.290001,115.489998,107.708588,42044500
05/12/2014,115.989998,116.080002,114.639999,115,107.251595,38318900
08/12/2014,114.099998,114.650002,111.620003,112.400002,104.82679,57664900
09/12/2014,110.190002,114.300003,109.349998,114.120003,106.430916,60208000
10/12/2014,114.410004,114.849998,111.540001,111.949997,104.407104,44565300
11/12/2014,112.260002,113.800003,111.339996,111.620003,104.099335,41401700
12/12/2014,110.459999,111.870003,109.580002,109.730003,102.336685,56028100
15/12/2014,110.699997,111.599998,106.349998,108.230003,100.937744,67218100
16/12/2014,106.370003,110.160004,106.260002,106.75,99.557449,60790700
17/12/2014,107.120003,109.839996,106.82,109.410004,102.038231,53411800
18/12/2014,111.870003,112.650002,110.660004,112.650002,105.059921,59006200
19/12/2014,112.260002,113.239998,111.660004,111.779999,104.248543,88429800
22/12/2014,112.160004,113.489998,111.970001,112.940002,105.330399,45167500
23/12/2014,113.230003,113.330002,112.459999,112.540001,104.957352,26028400
24/12/2014,112.580002,112.709999,112.010002,112.010002,104.463051,14479600
26/12/2014,112.099998,114.519997,112.010002,113.989998,106.309639,33721000
29/12/2014,113.790001,114.769997,113.699997,113.910004,106.235031,27598900
30/12/2014,113.639999,113.919998,112.110001,112.519997,104.93869,29881500
31/12/2014,112.82,113.129997,110.209999,110.379997,102.942894,41403400
02/01/2015,111.389999,111.440002,107.349998,109.330002,101.963631,53204600
05/01/2015,108.290001,108.650002,105.410004,106.25,99.091148,64285500
06/01/2015,106.540001,107.43,104.629997,106.260002,99.100471,65797100
07/01/2015,107.199997,108.199997,106.699997,107.75,100.490089,40105900
08/01/2015,109.230003,112.150002,108.699997,111.889999,104.351151,59364500
09/01/2015,112.669998,113.25,110.209999,112.010002,104.463051,53699500
12/01/2015,112.599998,112.629997,108.800003,109.25,101.889015,49650800
13/01/2015,111.43,112.800003,108.910004,110.220001,102.793655,67091900
14/01/2015,109.040001,110.489998,108.5,109.800003,102.401962,48337000
15/01/2015,110,110.059998,106.660004,106.82,99.622726,60014000
16/01/2015,107.029999,107.580002,105.199997,105.989998,98.848663,78513300
20/01/2015,107.839996,108.970001,106.5,108.720001,101.39473,49899900
21/01/2015,108.949997,111.059998,108.269997,109.550003,102.168816,48575900
22/01/2015,110.260002,112.470001,109.720001,112.400002,104.82679,53796400
23/01/2015,112.300003,113.75,111.529999,112.980003,105.367699,46464800
26/01/2015,113.739998,114.360001,112.800003,113.099998,105.47963,55615000
27/01/2015,112.419998,112.480003,109.029999,109.139999,101.78643,95568700
28/01/2015,117.629997,118.120003,115.309998,115.309998,107.540718,146477100
29/01/2015,116.32,119.190002,115.559998,118.900002,110.888824,84436400
30/01/2015,118.400002,120,116.849998,117.160004,109.266068,83745500
02/02/2015,118.050003,119.169998,116.080002,118.629997,110.637016,62739100
03/02/2015,118.5,119.089996,117.610001,118.650002,110.65567,51915700
04/02/2015,118.5,120.510002,118.309998,119.559998,111.504333,70149700
05/02/2015,120.019997,120.230003,119.25,119.940002,112.300217,42246200
06/02/2015,120.019997,120.25,118.449997,118.93,111.354553,43706600
09/02/2015,118.550003,119.839996,118.43,119.720001,112.094223,38889800
10/02/2015,120.169998,122.150002,120.160004,122.019997,114.247726,62008500
11/02/2015,122.769997,124.919998,122.5,124.879997,116.925545,73561800
12/02/2015,126.059998,127.480003,125.57,126.459999,118.404915,74474500
13/02/2015,127.279999,127.279999,125.650002,127.080002,118.985435,54272200
17/02/2015,127.489998,128.880005,126.919998,127.830002,119.687645,63152400
18/02/2015,127.629997,128.779999,127.449997,128.720001,120.520966,44891700
19/02/2015,128.479996,129.029999,128.330002,128.449997,120.26815,37362400
20/02/2015,128.619995,129.5,128.050003,129.5,121.251266,48948400
23/02/2015,130.020004,133,129.660004,133,124.528328,70974100
24/02/2015,132.940002,133.600006,131.169998,132.169998,123.751205,69228100
25/02/2015,131.559998,131.600006,128.149994,128.789993,120.586487,74711700
26/02/2015,128.789993,130.869995,126.610001,130.419998,122.112648,91287500
27/02/2015,130,130.570007,128.240005,128.460007,120.277527,62014800
02/03/2015,129.25,130.279999,128.300003,129.089996,120.867393,48096700
03/03/2015,128.960007,129.520004,128.089996,129.360001,121.120193,37816300
04/03/2015,129.100006,129.559998,128.320007,128.539993,120.352425,31666300
05/03/2015,128.580002,128.75,125.760002,126.410004,118.358116,56517100
06/03/2015,128.399994,129.369995,126.260002,126.599998,118.535995,72842100
09/03/2015,127.959999,129.570007,125.059998,127.139999,119.041603,88528500
10/03/2015,126.410004,127.220001,123.800003,124.510002,116.579124,68856600
11/03/2015,124.75,124.769997,122.110001,122.239998,114.453705,68939000
12/03/2015,122.309998,124.900002,121.629997,124.449997,116.522942,48362700
13/03/2015,124.400002,125.400002,122.580002,123.589996,115.717712,51827300
16/03/2015,123.879997,124.949997,122.870003,124.949997,116.991081,35874300
17/03/2015,125.900002,127.32,125.650002,127.040001,118.947968,51023100
18/03/2015,127,129.160004,126.370003,128.470001,120.286873,65270900
19/03/2015,128.75,129.25,127.400002,127.5,119.37867,45809500
20/03/2015,128.25,128.399994,125.160004,125.900002,117.880585,68695100
23/03/2015,127.120003,127.849998,126.519997,127.209999,119.107147,37709700
24/03/2015,127.230003,128.039993,126.559998,126.690002,118.620277,32842300
25/03/2015,126.540001,126.82,123.379997,123.379997,115.521095,51655200
26/03/2015,122.760002,124.879997,122.599998,124.239998,116.326332,47572900
27/03/2015,124.57,124.699997,122.910004,123.25,115.399384,39546200
30/03/2015,124.050003,126.400002,124,126.370003,118.320656,47099700
31/03/2015,126.089996,126.489998,124.360001,124.43,116.504211,42090600
01/04/2015,124.82,125.120003,123.099998,124.25,116.335678,40621400
02/04/2015,125.029999,125.559998,124.190002,125.32,117.337532,32220100
06/04/2015,124.470001,127.510002,124.330002,127.349998,119.238213,37194000
07/04/2015,127.639999,128.119995,125.980003,126.010002,117.983574,35012300
08/04/2015,125.849998,126.400002,124.970001,125.599998,117.59967,37329200
09/04/2015,125.849998,126.580002,124.660004,126.559998,118.498535,32484000
10/04/2015,125.949997,127.209999,125.260002,127.099998,119.00415,40188000
13/04/2015,128.369995,128.570007,126.610001,126.849998,118.770073,36365100
14/04/2015,127,127.290001,125.910004,126.300003,118.255112,25524600
15/04/2015,126.410004,127.129997,126.010002,126.779999,118.704529,28970400
16/04/2015,126.279999,127.099998,126.110001,126.169998,118.133377,28369000
17/04/2015,125.550003,126.139999,124.459999,124.75,116.803818,51957000
20/04/2015,125.57,128.119995,125.169998,127.599998,119.472282,47054300
21/04/2015,128.100006,128.199997,126.669998,126.910004,118.826271,32435100
22/04/2015,126.989998,128.869995,126.32,128.619995,120.427322,37654500
23/04/2015,128.300003,130.419998,128.139999,129.669998,121.410461,45770900
24/04/2015,130.490005,130.630005,129.229996,130.279999,121.981583,44525900
27/04/2015,132.309998,133.130005,131.149994,132.649994,124.200623,96954200
28/04/2015,134.460007,134.539993,129.570007,130.559998,122.243759,118924000
29/04/2015,130.160004,131.589996,128.300003,128.639999,120.446053,63386100
30/04/2015,128.639999,128.639999,124.580002,125.150002,117.178352,83195400
01/05/2015,126.099998,130.130005,125.300003,128.949997,120.736305,58512600
04/05/2015,129.5,130.570007,128.259995,128.699997,120.502243,50988300
05/05/2015,128.149994,128.449997,125.779999,125.800003,117.786964,49271400
06/05/2015,126.559998,126.75,123.360001,125.010002,117.047272,72141000
07/05/2015,124.769997,126.080002,124.019997,125.260002,117.771248,43940900
08/05/2015,126.68,127.620003,126.110001,127.620003,119.990158,55550400
11/05/2015,127.389999,127.559998,125.629997,126.32,118.767876,42035800
12/05/2015,125.599998,126.879997,124.82,125.870003,118.344772,48160000
13/05/2015,126.150002,127.190002,125.870003,126.010002,118.476402,34694200
14/05/2015,127.410004,128.949997,127.160004,128.949997,121.240623,45203500
15/05/2015,129.070007,129.490005,128.210007,128.770004,121.071388,38208000
18/05/2015,128.380005,130.720001,128.360001,130.190002,122.406502,50882900
19/05/2015,130.690002,130.880005,129.639999,130.070007,122.293678,44633200
20/05/2015,130,130.979996,129.339996,130.059998,122.284256,36454900
21/05/2015,130.070007,131.630005,129.830002,131.389999,123.534752,39730400
22/05/2015,131.600006,132.970001,131.399994,132.539993,124.616013,45596000
26/05/2015,132.600006,132.910004,129.119995,129.619995,121.870567,70697600
27/05/2015,130.339996,132.259995,130.050003,132.039993,124.145889,45833200
28/05/2015,131.860001,131.949997,131.100006,131.779999,123.901421,30733300
29/05/2015,131.229996,131.449997,129.899994,130.279999,122.491119,50884500
01/06/2015,130.279999,131.389999,130.050003,130.539993,122.735558,32112800
02/06/2015,129.860001,130.660004,129.320007,129.960007,122.190262,33667600
03/06/2015,130.660004,130.940002,129.899994,130.119995,122.340675,30889400
04/06/2015,129.580002,130.580002,128.910004,129.360001,121.626129,38450100
05/06/2015,129.5,129.690002,128.360001,128.649994,120.958565,35626800
08/06/2015,128.899994,129.210007,126.830002,127.800003,120.159378,52674800
09/06/2015,126.699997,128.080002,125.620003,127.419998,119.802101,56075400
10/06/2015,127.919998,129.339996,127.849998,128.880005,121.174835,39087300
11/06/2015,129.179993,130.179993,128.479996,128.589996,120.902145,35390900
12/06/2015,128.190002,128.330002,127.110001,127.169998,119.567047,36886200
15/06/2015,126.099998,127.239998,125.709999,126.919998,119.331985,43988900
16/06/2015,127.029999,127.849998,126.370003,127.599998,119.971336,31494100
17/06/2015,127.720001,127.879997,126.739998,127.300003,119.689285,32918100
18/06/2015,127.230003,128.309998,127.220001,127.879997,120.234604,35407200
19/06/2015,127.709999,127.82,126.400002,126.599998,119.03112,54716900
22/06/2015,127.489998,128.059998,127.080002,127.610001,119.980743,34039300
23/06/2015,127.480003,127.610001,126.879997,127.029999,119.435417,30268900
24/06/2015,127.209999,129.800003,127.120003,128.110001,120.450851,55280900
25/06/2015,128.860001,129.199997,127.5,127.5,119.877327,31938100
26/06/2015,127.669998,127.989998,126.510002,126.75,119.172173,44066800
29/06/2015,125.459999,126.470001,124.480003,124.529999,117.084892,49161400
30/06/2015,125.57,126.120003,124.860001,125.43,117.931068,44370700
01/07/2015,126.900002,126.940002,125.989998,126.599998,119.03112,30238800
02/07/2015,126.43,126.690002,125.769997,126.440002,118.880699,27211000
06/07/2015,124.940002,126.230003,124.849998,126,118.46701,28060400
07/07/2015,125.889999,126.150002,123.769997,125.690002,118.175529,46946800
08/07/2015,124.480003,124.639999,122.540001,122.57,115.242065,60761600
09/07/2015,123.849998,124.059998,119.220001,120.07,112.891525,77821600
10/07/2015,121.940002,123.849998,121.209999,123.279999,115.909622,61354500
13/07/2015,125.029999,125.760002,124.32,125.660004,118.147324,41440500
14/07/2015,126.040001,126.370003,125.040001,125.610001,118.100319,31768100
15/07/2015,125.720001,127.150002,125.580002,126.82,119.237984,33649200
16/07/2015,127.739998,128.570007,127.349998,128.509995,120.826942,36222400
17/07/2015,129.080002,129.619995,128.309998,129.619995,121.870567,46164700
20/07/2015,130.970001,132.970001,130.699997,132.070007,124.174103,58900200
21/07/2015,132.850006,132.919998,130.320007,130.75,122.933022,76756400
22/07/2015,121.989998,125.5,121.989998,125.220001,117.733635,115450600
23/07/2015,126.199997,127.089996,125.059998,125.160004,117.677231,50999500
24/07/2015,125.32,125.739998,123.900002,124.5,117.056656,42162300
27/07/2015,123.089996,123.610001,122.120003,122.769997,115.430115,44455500
28/07/2015,123.379997,123.910004,122.550003,123.379997,116.003639,33618100
29/07/2015,123.150002,123.5,122.269997,122.989998,115.636932,37011700
30/07/2015,122.32,122.57,121.709999,122.370003,115.054024,33628300
31/07/2015,122.599998,122.639999,120.910004,121.300003,114.047997,42885000
03/08/2015,121.5,122.57,117.519997,118.440002,111.358978,69976000
04/08/2015,117.419998,117.699997,113.25,114.639999,107.786156,124138600
05/08/2015,112.949997,117.440002,112.099998,115.400002,108.50074,99312600
06/08/2015,115.970001,116.5,114.120003,115.129997,108.736839,52903000
07/08/2015,114.580002,116.25,114.5,115.519997,109.105186,38670400
10/08/2015,116.529999,119.989998,116.529999,119.720001,113.071976,54951600
11/08/2015,117.809998,118.18,113.330002,113.489998,107.187897,97082800
12/08/2015,112.529999,115.419998,109.629997,115.239998,108.840721,101217500
13/08/2015,116.040001,116.400002,114.540001,115.150002,108.75573,48535800
14/08/2015,114.32,116.309998,114.010002,115.959999,109.52076,42929500
17/08/2015,116.040001,117.650002,115.5,117.160004,110.654129,40884700
18/08/2015,116.43,117.440002,116.010002,116.5,110.030769,34560700
19/08/2015,116.099998,116.519997,114.68,115.010002,108.62352,47445700
20/08/2015,114.080002,114.349998,111.629997,112.650002,106.394554,68501600
21/08/2015,110.43,111.900002,105.650002,105.760002,99.887169,128275500
24/08/2015,94.870003,108.800003,92,103.120003,97.393753,162206300
25/08/2015,111.110001,111.110001,103.5,103.739998,97.979347,103601600
26/08/2015,107.089996,109.889999,105.050003,109.690002,103.59893,96774600
27/08/2015,112.230003,113.239998,110.019997,112.919998,106.649567,84616100
28/08/2015,112.169998,113.309998,111.540001,113.290001,106.999008,53164400
31/08/2015,112.029999,114.529999,112,112.760002,106.498459,56229300
01/09/2015,110.150002,111.879997,107.360001,107.720001,101.738319,76845900
02/09/2015,110.230003,112.339996,109.129997,112.339996,106.101761,61888800
03/09/2015,112.489998,112.779999,110.040001,110.370003,104.241173,53233900
04/09/2015,108.970001,110.449997,108.510002,109.269997,103.202232,49996300
08/09/2015,111.75,112.559998,110.32,112.309998,106.073448,54843600
09/09/2015,113.760002,114.019997,109.769997,110.150002,104.033386,85010800
10/09/2015,110.269997,113.279999,109.900002,112.57,106.319,62892800
11/09/2015,111.790001,114.209999,111.760002,114.209999,107.867943,49915500
14/09/2015,116.580002,116.889999,114.860001,115.309998,108.906845,58363400
15/09/2015,115.93,116.529999,114.419998,116.279999,109.82299,43341200
16/09/2015,116.25,116.540001,115.440002,116.410004,109.945747,37173500
17/09/2015,115.660004,116.489998,113.720001,113.919998,107.594032,64112600
18/09/2015,112.209999,114.300003,111.870003,113.449997,107.150131,74285300
21/09/2015,113.669998,115.370003,113.660004,115.209999,108.812408,50222000
22/09/2015,113.379997,114.18,112.519997,113.400002,107.102913,50346200
23/09/2015,113.629997,114.720001,113.300003,114.32,107.97184,35756700
24/09/2015,113.25,115.5,112.370003,115,108.614059,50219500
25/09/2015,116.440002,116.690002,114.019997,114.709999,108.340164,56151900
28/09/2015,113.849998,114.57,112.440002,112.440002,106.196205,52109000
29/09/2015,112.830002,113.510002,107.860001,109.059998,103.003914,73365400
30/09/2015,110.169998,111.540001,108.730003,110.300003,104.175049,66473000
01/10/2015,109.07,109.620003,107.309998,109.580002,103.495033,63929100
02/10/2015,108.010002,111.010002,107.550003,110.379997,104.25061,58019800
05/10/2015,109.879997,111.370003,109.07,110.779999,104.628387,52064700
06/10/2015,110.629997,111.739998,109.769997,111.309998,105.12896,48196800
07/10/2015,111.739998,111.769997,109.410004,110.779999,104.628387,46765600
08/10/2015,110.190002,110.190002,108.209999,109.5,103.419472,61979600
09/10/2015,110,112.279999,109.489998,112.120003,105.893997,52766100
12/10/2015,112.730003,112.75,111.440002,111.599998,105.40287,30467200
13/10/2015,110.82,112.449997,110.68,111.790001,105.582298,33049300
14/10/2015,111.290001,111.519997,109.559998,110.209999,104.09005,44462400
15/10/2015,110.93,112.099998,110.489998,111.860001,105.648422,37673500
16/10/2015,111.779999,112,110.529999,111.040001,104.873962,39232600
19/10/2015,110.800003,111.75,110.110001,111.730003,105.52565,29759200
20/10/2015,111.339996,114.169998,110.82,113.769997,107.45237,48778800
21/10/2015,114,115.580002,113.699997,113.760002,107.442924,41795200
22/10/2015,114.330002,115.5,114.099998,115.5,109.086311,41654100
23/10/2015,116.699997,119.230003,116.330002,119.080002,112.467506,59366900
26/10/2015,118.080002,118.129997,114.919998,115.279999,108.878517,66333800
27/10/2015,115.400002,116.540001,113.989998,114.550003,108.189064,69884400
28/10/2015,116.93,119.300003,116.059998,119.269997,112.646927,85551400
29/10/2015,118.699997,120.690002,118.269997,120.529999,113.83699,51227300
30/10/2015,120.989998,121.220001,119.449997,119.5,112.864182,49365300
02/11/2015,120.800003,121.360001,119.610001,121.18,114.450897,32203300
03/11/2015,120.790001,123.489998,120.699997,122.57,115.763702,45519000
04/11/2015,123.129997,123.82,121.620003,122,115.225357,44886100
05/11/2015,121.849998,122.690002,120.18,120.919998,114.694176,39552700
06/11/2015,121.110001,121.809998,120.620003,121.059998,114.826981,33042300
09/11/2015,120.959999,121.809998,120.050003,120.57,114.362213,33871400
10/11/2015,116.900002,118.07,116.059998,116.769997,110.757858,59127900
11/11/2015,116.370003,117.419998,115.209999,116.110001,110.131828,45218000
12/11/2015,116.260002,116.82,115.650002,115.720001,109.761932,32525600
13/11/2015,115.199997,115.57,112.269997,112.339996,106.555931,45812400
16/11/2015,111.379997,114.239998,111,114.18,108.301201,38106700
17/11/2015,114.919998,115.050003,113.32,113.690002,107.836441,27616900
18/11/2015,115.760002,117.489998,115.5,117.290001,111.251076,46674700
19/11/2015,117.639999,119.75,116.760002,118.779999,112.66436,43295800
20/11/2015,119.199997,119.919998,118.849998,119.300003,113.157593,34287100
23/11/2015,119.269997,119.730003,117.339996,117.75,111.687393,32482500
24/11/2015,117.330002,119.349998,117.120003,118.879997,112.759216,42803200
25/11/2015,119.209999,119.230003,117.919998,118.029999,111.952995,21388300
27/11/2015,118.290001,118.410004,117.599998,117.809998,111.744308,13046400
30/11/2015,117.989998,119.410004,117.75,118.300003,112.209084,39180300
01/12/2015,118.75,118.809998,116.860001,117.339996,111.2985,34852400
02/12/2015,117.339996,118.110001,116.080002,116.279999,110.293083,33386600
03/12/2015,116.550003,116.790001,114.220001,115.199997,109.268692,41569500
04/12/2015,115.290001,119.25,115.110001,119.029999,112.901489,57777000
07/12/2015,118.980003,119.860001,117.809998,118.279999,112.190102,32084200
08/12/2015,117.519997,118.599998,116.860001,118.230003,112.142685,34309500
09/12/2015,117.639999,117.690002,115.080002,115.620003,109.667061,46361400
10/12/2015,116.040001,116.940002,115.510002,116.169998,110.188744,29104200
11/12/2015,115.190002,115.389999,112.849998,113.18,107.352707,46886200
14/12/2015,112.18,112.68,109.790001,112.480003,106.688728,64318700
15/12/2015,111.940002,112.800003,110.349998,110.489998,104.801193,53323100
16/12/2015,111.07,111.989998,108.800003,111.339996,105.607422,56238500
17/12/2015,112.019997,112.25,108.980003,108.980003,103.368935,44772800
18/12/2015,108.910004,109.519997,105.809998,106.029999,100.570824,96453300
21/12/2015,107.279999,107.370003,105.57,107.330002,101.803886,47590600
22/12/2015,107.400002,107.720001,106.449997,107.230003,101.709038,32789400
23/12/2015,107.269997,108.849998,107.199997,108.610001,103.018005,32657400
24/12/2015,109,109,107.949997,108.029999,102.46785,13570400
28/12/2015,107.589996,107.690002,106.18,106.82,101.320145,26704200
29/12/2015,106.959999,109.43,106.860001,108.739998,103.141289,30931200
30/12/2015,108.580002,108.699997,107.18,107.32,101.794418,25213800
31/12/2015,107.010002,107.029999,104.82,105.260002,99.840477,40635300
04/01/2016,102.610001,105.370003,102,105.349998,99.92585,67649400
05/01/2016,105.75,105.849998,102.410004,102.709999,97.421768,55791000
06/01/2016,100.559998,102.370003,99.870003,100.699997,95.515244,68457400
07/01/2016,98.68,100.129997,96.43,96.449997,91.484085,81094400
08/01/2016,98.550003,99.110001,96.760002,96.959999,91.967812,70798000
11/01/2016,98.970001,99.059998,97.339996,98.529999,93.456978,49739400
12/01/2016,100.550003,100.690002,98.839996,99.959999,94.813347,49154200
13/01/2016,100.32,101.190002,97.300003,97.389999,92.375687,62439600
14/01/2016,97.959999,100.480003,95.739998,99.519997,94.396004,63170100
15/01/2016,96.199997,97.709999,95.360001,97.129997,92.129074,79010000
19/01/2016,98.410004,98.650002,95.5,96.660004,91.683258,53087700
20/01/2016,95.099998,98.190002,93.419998,96.790001,91.80658,72334400
21/01/2016,97.059998,97.879997,94.940002,96.300003,91.341797,52161500
22/01/2016,98.629997,101.459999,98.370003,101.419998,96.198181,65800500
25/01/2016,101.519997,101.529999,99.209999,99.440002,94.320129,51794500
26/01/2016,99.93,100.879997,98.07,99.989998,94.841805,75077000
27/01/2016,96.040001,96.629997,93.339996,93.419998,88.610069,133369700
28/01/2016,93.790001,94.519997,92.389999,94.089996,89.245575,55678800
29/01/2016,94.790001,97.339996,94.349998,97.339996,92.328247,64416500
01/02/2016,96.470001,96.709999,95.400002,96.43,91.465096,40943500
02/02/2016,95.419998,96.040001,94.279999,94.480003,89.615509,37357200
03/02/2016,95,96.839996,94.080002,96.349998,91.389221,45964300
04/02/2016,95.860001,97.330002,95.190002,96.599998,92.123528,46471700
05/02/2016,96.519997,96.919998,93.690002,94.019997,89.663086,46418100
08/02/2016,93.129997,95.699997,93.040001,95.010002,90.607224,54021400
09/02/2016,94.290001,95.940002,93.93,94.989998,90.58815,44331200
10/02/2016,95.919998,96.349998,94.099998,94.269997,89.90152,42343600
11/02/2016,93.790001,94.720001,92.589996,93.699997,89.357918,50074700
12/02/2016,94.190002,94.5,93.010002,93.989998,89.634491,40351400
16/02/2016,95.019997,96.849998,94.610001,96.639999,92.161667,49057900
17/02/2016,96.669998,98.209999,96.150002,98.120003,93.573105,44863200
18/02/2016,98.839996,98.889999,96.089996,96.260002,91.799301,39021000
19/02/2016,96,96.760002,95.800003,96.040001,91.589478,35374200
22/02/2016,96.309998,96.900002,95.919998,96.879997,92.390556,34280800
23/02/2016,96.400002,96.5,94.550003,94.690002,90.302055,31942600
24/02/2016,93.980003,96.379997,93.32,96.099998,91.646713,36255700
25/02/2016,96.050003,96.760002,95.25,96.760002,92.276115,27582700
26/02/2016,97.199997,98.019997,96.580002,96.910004,92.419174,28991100
29/02/2016,96.860001,98.230003,96.650002,96.690002,92.209389,35216300
01/03/2016,97.650002,100.769997,97.419998,100.529999,95.871414,50407100
02/03/2016,100.510002,100.889999,99.639999,100.75,96.081238,33169600
03/03/2016,100.580002,101.709999,100.449997,101.5,96.796463,36955700
04/03/2016,102.370003,103.75,101.370003,103.010002,98.236504,46055100
07/03/2016,102.389999,102.830002,100.959999,101.870003,97.14933,35828900
08/03/2016,100.779999,101.760002,100.400002,101.029999,96.348251,31561900
09/03/2016,101.309998,101.580002,100.269997,101.120003,96.434074,27201700
10/03/2016,101.410004,102.239998,100.150002,101.169998,96.481743,33513600
11/03/2016,102.239998,102.279999,101.5,102.260002,97.521263,27408200
14/03/2016,101.910004,102.910004,101.779999,102.519997,97.769196,25076100
15/03/2016,103.959999,105.18,103.849998,104.580002,99.733742,40067700
16/03/2016,104.610001,106.309998,104.589996,105.970001,101.059334,38303500
17/03/2016,105.519997,106.470001,104.959999,105.800003,100.897209,34420700
18/03/2016,106.339996,106.5,105.190002,105.919998,101.01165,44205200
21/03/2016,105.93,107.650002,105.139999,105.910004,101.002113,35502700
22/03/2016,105.25,107.290001,105.209999,106.720001,101.774574,32444400
23/03/2016,106.480003,107.07,105.900002,106.129997,101.211914,25703500
24/03/2016,105.470001,106.25,104.889999,105.669998,100.773232,26133000
28/03/2016,106,106.190002,105.059998,105.190002,100.315475,19411400
29/03/2016,104.889999,107.790001,104.879997,107.68,102.690094,31190100
30/03/2016,108.650002,110.419998,108.599998,109.559998,104.482964,45601100
31/03/2016,109.720001,109.900002,108.879997,108.989998,103.939392,25888400
01/04/2016,108.779999,110,108.199997,109.989998,104.893044,25874000
04/04/2016,110.419998,112.190002,110.269997,111.120003,105.97068,37356200
05/04/2016,109.510002,110.730003,109.419998,109.809998,104.721375,26578700
06/04/2016,110.230003,110.980003,109.199997,110.959999,105.818092,26404100
07/04/2016,109.949997,110.419998,108.120003,108.540001,103.510231,31801900
08/04/2016,108.910004,109.769997,108.169998,108.660004,103.624672,23581700
11/04/2016,108.970001,110.610001,108.830002,109.019997,103.967987,29407500
12/04/2016,109.339996,110.5,108.660004,110.440002,105.322182,27232300
13/04/2016,110.800003,112.339996,110.800003,112.040001,106.848053,33257300
14/04/2016,111.620003,112.389999,111.330002,112.099998,106.905258,25473900
15/04/2016,112.110001,112.300003,109.730003,109.849998,104.759529,46939000
18/04/2016,108.889999,108.949997,106.940002,107.480003,102.499367,60834000
19/04/2016,107.879997,108,106.230003,106.910004,101.955765,32384900
20/04/2016,106.639999,108.089996,106.059998,107.129997,102.165581,30611000
21/04/2016,106.93,106.93,105.519997,105.970001,101.059334,31552500
22/04/2016,105.010002,106.480003,104.620003,105.68,100.782768,33683100
25/04/2016,105,105.650002,104.510002,105.080002,100.210571,28031600
26/04/2016,103.910004,105.300003,103.910004,104.349998,99.514389,56016200
27/04/2016,96,98.709999,95.68,97.82,93.287018,114602100
28/04/2016,97.610001,97.879997,94.25,94.830002,90.435562,82242700
29/04/2016,93.989998,94.720001,92.510002,93.739998,89.396065,68531500
02/05/2016,93.970001,94.080002,92.400002,93.639999,89.300697,48160100
03/05/2016,94.199997,95.739998,93.68,95.18,90.769348,56831300
04/05/2016,95.199997,95.900002,93.82,94.190002,89.825218,41025500
05/05/2016,94,94.07,92.68,93.239998,89.460617,35890500
06/05/2016,93.370003,93.449997,91.849998,92.720001,88.961693,43458200
09/05/2016,93,93.769997,92.589996,92.790001,89.028854,32936400
10/05/2016,93.330002,93.57,92.110001,93.419998,89.633316,33686800
11/05/2016,93.480003,93.57,92.459999,92.510002,88.760208,28719100
12/05/2016,92.720001,92.779999,89.470001,90.339996,86.678162,76314700
13/05/2016,90,91.669998,90,90.519997,86.850861,44392800
16/05/2016,92.389999,94.389999,91.650002,93.879997,90.074677,61259800
17/05/2016,94.550003,94.699997,93.010002,93.489998,89.700478,46916900
18/05/2016,94.160004,95.209999,93.889999,94.559998,90.727135,42062400
19/05/2016,94.639999,94.639999,93.57,94.199997,90.381699,30442100
20/05/2016,94.639999,95.43,94.519997,95.220001,91.360359,32026000
23/05/2016,95.870003,97.190002,95.669998,96.43,92.521317,38018600
24/05/2016,97.220001,98.089996,96.839996,97.900002,93.93174,35140200
25/05/2016,98.669998,99.739998,98.110001,99.620003,95.582016,38168800
26/05/2016,99.68,100.730003,98.639999,100.410004,96.339989,56331200
27/05/2016,99.440002,100.470001,99.25,100.349998,96.282417,36229500
31/05/2016,99.599998,100.400002,98.82,99.860001,95.812286,42307200
01/06/2016,99.019997,99.540001,98.330002,98.459999,94.469025,29173300
02/06/2016,97.599998,97.839996,96.629997,97.720001,93.759041,40191600
03/06/2016,97.790001,98.269997,97.449997,97.919998,93.95092,28062900
06/06/2016,97.989998,101.889999,97.550003,98.629997,94.632133,23292500
07/06/2016,99.25,99.870003,98.959999,99.029999,95.01593,22409500
08/06/2016,99.019997,99.559998,98.68,98.940002,94.929588,20848100
09/06/2016,98.5,99.989998,98.459999,99.650002,95.610802,26601400
10/06/2016,98.529999,99.349998,98.480003,98.830002,94.824051,31712900
13/06/2016,98.690002,99.120003,97.099998,97.339996,93.394432,38020500
14/06/2016,97.32,98.480003,96.75,97.459999,93.50956,31931900
15/06/2016,97.82,98.410004,97.029999,97.139999,93.202545,29445200
16/06/2016,96.449997,97.75,96.07,97.550003,93.595924,31326800
17/06/2016,96.620003,96.650002,95.300003,95.330002,91.465912,61008200
20/06/2016,96,96.57,95.029999,95.099998,91.245224,34411900
21/06/2016,94.940002,96.349998,94.68,95.910004,92.0224,35546400
22/06/2016,96.25,96.889999,95.349998,95.550003,91.676987,29219100
23/06/2016,95.940002,96.290001,95.25,96.099998,92.204697,32240200
24/06/2016,92.910004,94.660004,92.650002,93.400002,89.614136,75311400
27/06/2016,93,93.050003,91.5,92.040001,88.30925,45489600
28/06/2016,92.900002,93.660004,92.139999,93.589996,89.796425,40444900
29/06/2016,93.970001,94.550003,93.629997,94.400002,90.573608,36531000
30/06/2016,94.440002,95.769997,94.300003,95.599998,91.72496,35836400
01/07/2016,95.489998,96.470001,95.330002,95.889999,92.003212,26026500
05/07/2016,95.389999,95.400002,94.459999,94.989998,91.139679,27705200
06/07/2016,94.599998,95.660004,94.370003,95.529999,91.657799,30949100
07/07/2016,95.699997,96.5,95.620003,95.940002,92.051186,25139600
08/07/2016,96.489998,96.889999,96.050003,96.68,92.761185,28912100
11/07/2016,96.75,97.650002,96.730003,96.980003,93.049026,23794900
12/07/2016,97.169998,97.699997,97.120003,97.419998,93.471191,24167500
13/07/2016,97.410004,97.669998,96.839996,96.870003,92.943474,25892200
14/07/2016,97.389999,98.989998,97.32,98.790001,94.78566,38919000
15/07/2016,98.919998,99.300003,98.5,98.779999,94.776062,30137000
18/07/2016,98.699997,100.129997,98.599998,99.830002,95.783508,36493900
19/07/2016,99.559998,100,99.339996,99.870003,95.821877,23779900
20/07/2016,100,100.459999,99.739998,99.959999,95.908234,26276000
21/07/2016,99.830002,101,99.129997,99.43,95.399712,32702000
22/07/2016,99.260002,99.300003,98.309998,98.660004,94.660934,28313700
25/07/2016,98.25,98.839996,96.919998,97.339996,93.394432,40382900
26/07/2016,96.82,97.970001,96.419998,96.669998,92.751587,56239800
27/07/2016,104.269997,104.349998,102.75,102.949997,98.777039,92344800
28/07/2016,102.830002,104.449997,102.82,104.339996,100.11068,39869800
29/07/2016,104.190002,104.550003,103.68,104.209999,99.98597,27733700
01/08/2016,104.410004,106.150002,104.410004,106.050003,101.751366,38167900
02/08/2016,106.050003,106.07,104,104.480003,100.245026,33816600
03/08/2016,104.809998,105.839996,104.769997,105.790001,101.501923,30202600
04/08/2016,105.580002,106,105.279999,105.870003,102.12896,27408700
05/08/2016,106.269997,107.650002,106.18,107.480003,103.682068,40553400
08/08/2016,107.519997,108.370003,107.160004,108.370003,104.540619,28037200
09/08/2016,108.230003,108.940002,108.010002,108.809998,104.965057,26315200
10/08/2016,108.709999,108.900002,107.760002,108,104.183685,24008500
11/08/2016,108.519997,108.93,107.849998,107.93,104.116165,27484500
12/08/2016,107.779999,108.440002,107.779999,108.18,104.357323,18660400
15/08/2016,108.139999,109.540001,108.080002,109.480003,105.611389,25868200
16/08/2016,109.629997,110.230003,109.209999,109.379997,105.514908,33794400
17/08/2016,109.099998,109.370003,108.339996,109.220001,105.360565,25356000
18/08/2016,109.230003,109.599998,109.019997,109.080002,105.225525,21984700
19/08/2016,108.769997,109.690002,108.360001,109.360001,105.495628,25368100
22/08/2016,108.860001,109.099998,107.849998,108.510002,104.675682,25820200
23/08/2016,108.589996,109.32,108.529999,108.849998,105.003647,21257700
24/08/2016,108.57,108.75,107.68,108.029999,104.212624,23675100
25/08/2016,107.389999,107.879997,106.68,107.57,103.768875,25086200
26/08/2016,107.410004,107.949997,106.309998,106.940002,103.16114,27766300
29/08/2016,106.620003,107.440002,106.290001,106.82,103.045387,24970300
30/08/2016,105.800003,106.5,105.5,106,102.254356,24863900
31/08/2016,105.660004,106.57,105.639999,106.099998,102.35083,29662400
01/09/2016,106.139999,106.800003,105.620003,106.730003,102.958557,26701500
02/09/2016,107.699997,108,106.82,107.730003,103.923233,26802500
06/09/2016,107.900002,108.300003,107.510002,107.699997,103.894279,26880400
07/09/2016,107.830002,108.760002,107.07,108.360001,104.530952,42364300
08/09/2016,107.25,107.269997,105.239998,105.519997,101.791313,53002000
09/09/2016,104.639999,105.720001,103.129997,103.129997,99.485771,46557000
12/09/2016,102.650002,105.720001,102.529999,105.440002,101.714149,45292800
13/09/2016,107.510002,108.790001,107.239998,107.949997,104.135429,62176200
14/09/2016,108.730003,113.029999,108.599998,111.769997,107.820465,110888700
15/09/2016,113.860001,115.730003,113.489998,115.57,111.486183,89983600
16/09/2016,115.120003,116.129997,114.040001,114.919998,110.859154,79886900
19/09/2016,115.190002,116.18,113.25,113.580002,109.566505,47023000
20/09/2016,113.050003,114.120003,112.510002,113.57,109.556847,34514300
21/09/2016,113.849998,113.989998,112.440002,113.550003,109.537567,36003200
22/09/2016,114.349998,114.940002,114,114.620003,110.569763,31074000
23/09/2016,114.419998,114.790001,111.550003,112.709999,108.727242,52481200
26/09/2016,111.639999,113.389999,111.550003,112.879997,108.891235,29869400
27/09/2016,113,113.18,112.339996,113.089996,109.093826,24607400
28/09/2016,113.690002,114.639999,113.43,113.949997,109.923431,29641100
29/09/2016,113.160004,113.800003,111.800003,112.18,108.215973,35887000
30/09/2016,112.459999,113.370003,111.800003,113.050003,109.055237,36379100
03/10/2016,112.709999,113.050003,112.279999,112.519997,108.543961,21701800
04/10/2016,113.059998,114.309998,112.629997,113,109.006996,29736800
05/10/2016,113.400002,113.660004,112.690002,113.050003,109.055237,21453100
06/10/2016,113.699997,114.339996,113.129997,113.889999,109.865555,28779300
07/10/2016,114.309998,114.559998,113.510002,114.059998,110.029549,24358400
10/10/2016,115.019997,116.75,114.720001,116.050003,111.949234,36236000
11/10/2016,117.699997,118.690002,116.199997,116.300003,112.190392,64041000
12/10/2016,117.349998,117.980003,116.75,117.339996,113.193642,37586800
13/10/2016,116.790001,117.440002,115.720001,116.980003,112.846367,35192400
14/10/2016,117.879997,118.169998,117.129997,117.629997,113.473389,35652200
17/10/2016,117.330002,117.839996,116.779999,117.550003,113.396225,23624900
18/10/2016,118.18,118.209999,117.449997,117.470001,113.319046,24553500
19/10/2016,117.25,117.760002,113.800003,117.120003,112.981422,20034600
20/10/2016,116.860001,117.379997,116.330002,117.059998,112.923523,24125800
21/10/2016,116.809998,116.910004,116.279999,116.599998,112.479797,23192700
24/10/2016,117.099998,117.739998,117,117.650002,113.492691,23538700
25/10/2016,117.949997,118.360001,117.309998,118.25,114.071487,48129000
26/10/2016,114.309998,115.699997,113.309998,115.589996,111.505486,66134200
27/10/2016,115.389999,115.860001,114.099998,114.480003,110.434715,34562000
28/10/2016,113.870003,115.209999,113.449997,113.720001,109.701561,37861700
31/10/2016,113.650002,114.230003,113.199997,113.540001,109.527924,26419400
01/11/2016,113.459999,113.769997,110.529999,111.489998,107.550346,43825800
02/11/2016,111.400002,112.349998,111.230003,111.589996,107.64682,28331700
03/11/2016,110.980003,111.459999,109.550003,109.830002,106.492989,26932600
04/11/2016,108.529999,110.25,108.110001,108.839996,105.533058,30837000
07/11/2016,110.080002,110.510002,109.459999,110.410004,107.055359,32560000
08/11/2016,110.309998,111.720001,109.699997,111.059998,107.6856,24054500
09/11/2016,109.879997,111.32,108.050003,110.879997,107.511078,59176400
10/11/2016,111.089996,111.089996,105.830002,107.790001,104.514961,57134500
11/11/2016,107.120003,108.870003,106.550003,108.43,105.135513,34094100
14/11/2016,107.709999,107.809998,104.080002,105.709999,102.498161,51175500
15/11/2016,106.57,107.68,106.160004,107.110001,103.855637,32264500
16/11/2016,106.699997,110.230003,106.599998,109.989998,106.648132,58840500
17/11/2016,109.809998,110.349998,108.830002,109.949997,106.609329,27632000
18/11/2016,109.720001,110.540001,109.660004,110.059998,106.715996,28428900
21/11/2016,110.120003,111.989998,110.010002,111.730003,108.335266,29264600
22/11/2016,111.949997,112.419998,111.400002,111.800003,108.403137,25965500
23/11/2016,111.360001,111.510002,110.330002,111.230003,107.850449,27426400
25/11/2016,111.129997,111.870003,110.949997,111.790001,108.393433,11475900
28/11/2016,111.43,112.470001,111.389999,111.57,108.180122,27194000
29/11/2016,110.779999,112.029999,110.07,111.459999,108.073463,28528800
30/11/2016,111.599998,112.199997,110.269997,110.519997,107.162018,36162300
01/12/2016,110.370003,110.940002,109.029999,109.489998,106.163315,37086900
02/12/2016,109.169998,110.089996,108.849998,109.900002,106.56086,26528000
05/12/2016,110,110.029999,108.25,109.110001,105.794868,34324500
06/12/2016,109.5,110.360001,109.190002,109.949997,106.609329,26195500
07/12/2016,109.260002,111.190002,109.160004,111.029999,107.656517,29998700
08/12/2016,110.860001,112.43,110.599998,112.120003,108.713409,27068300
09/12/2016,112.309998,114.699997,112.309998,113.949997,110.487801,34402600
12/12/2016,113.290001,115,112.489998,113.300003,109.857559,26374400
13/12/2016,113.839996,115.919998,113.75,115.190002,111.690132,43733800
14/12/2016,115.040001,116.199997,114.980003,115.190002,111.690132,34031800
15/12/2016,115.379997,116.730003,115.230003,115.82,112.30098,46524500
16/12/2016,116.470001,116.5,115.650002,115.970001,112.446442,44351100
19/12/2016,115.800003,117.379997,115.75,116.639999,113.096069,27779400
20/12/2016,116.739998,117.5,116.68,116.949997,113.396652,21425000
21/12/2016,116.800003,117.400002,116.779999,117.059998,113.503304,23783200
22/12/2016,116.349998,116.510002,115.639999,116.290001,112.756714,26085900
23/12/2016,115.589996,116.519997,115.589996,116.519997,112.979713,14249500
27/12/2016,116.519997,117.800003,116.489998,117.260002,113.697243,18296900
28/12/2016,117.519997,118.019997,116.199997,116.760002,113.212425,20905900
29/12/2016,116.449997,117.110001,116.400002,116.730003,113.183334,15039500
30/12/2016,116.650002,117.199997,115.43,115.82,112.30098,30586300
03/01/2017,115.800003,116.330002,114.760002,116.150002,112.620964,28781900
04/01/2017,115.849998,116.510002,115.75,116.019997,112.494911,21118100
05/01/2017,115.919998,116.860001,115.809998,116.610001,113.066986,22193600
06/01/2017,116.779999,118.160004,116.470001,117.910004,114.327484,31751900
09/01/2017,117.949997,119.43,117.940002,118.989998,115.374664,33561900
10/01/2017,118.769997,119.379997,118.300003,119.110001,115.49102,24462100
11/01/2017,118.739998,119.93,118.599998,119.75,116.111588,27588600
12/01/2017,118.900002,119.300003,118.209999,119.25,115.626762,27086200
13/01/2017,119.110001,119.620003,118.809998,119.040001,115.423149,26111900
17/01/2017,118.339996,120.239998,118.220001,120,116.353989,34439800
18/01/2017,120,120.5,119.709999,119.989998,116.344284,23713000
19/01/2017,119.400002,120.089996,119.370003,119.779999,116.140671,25597300
20/01/2017,120.449997,120.449997,119.730003,120,116.353989,32597900
23/01/2017,120,120.809998,119.769997,120.080002,116.431549,22050200
24/01/2017,119.550003,120.099998,119.5,119.970001,116.324898,23211000
25/01/2017,120.419998,122.099998,120.279999,121.879997,118.176857,32377600
26/01/2017,121.669998,122.440002,121.599998,121.940002,118.235039,26337600
27/01/2017,122.139999,122.349998,121.599998,121.949997,118.244728,20562900
30/01/2017,120.93,121.629997,120.660004,121.629997,117.934456,30377500
31/01/2017,121.150002,121.389999,120.620003,121.349998,117.662964,49201000
01/02/2017,127.029999,130.490005,127.010002,128.75,124.838135,111985000
02/02/2017,127.980003,129.389999,127.779999,128.529999,124.624809,33710400
03/02/2017,128.309998,129.190002,128.160004,129.080002,125.158096,24507300
06/02/2017,129.130005,130.5,128.899994,130.289993,126.331337,26845900
07/02/2017,130.539993,132.089996,130.449997,131.529999,127.533661,38183800
08/02/2017,131.350006,132.220001,131.220001,132.039993,128.028152,23004100
09/02/2017,131.649994,132.449997,131.119995,132.419998,128.953293,28349900
10/02/2017,132.460007,132.940002,132.050003,132.119995,128.661148,20065500
13/02/2017,133.080002,133.820007,132.75,133.289993,129.800522,23035400
14/02/2017,133.470001,135.089996,133.25,135.020004,131.485214,33226200
15/02/2017,135.520004,136.270004,134.619995,135.509995,131.962387,35623100
16/02/2017,135.669998,135.899994,134.839996,135.350006,131.806595,22584600
17/02/2017,135.100006,135.830002,135.100006,135.720001,132.166916,22198200
21/02/2017,136.229996,136.75,135.979996,136.699997,133.121246,24507200
22/02/2017,136.429993,137.119995,136.110001,137.110001,133.520508,20836900
23/02/2017,137.380005,137.479996,136.300003,136.529999,132.955688,20788200
24/02/2017,135.910004,136.660004,135.279999,136.660004,133.082306,21776600
27/02/2017,137.139999,137.440002,136.279999,136.929993,133.345215,20257400
28/02/2017,137.080002,137.440002,136.699997,136.990005,133.403656,23482900
01/03/2017,137.889999,140.149994,137.600006,139.789993,136.130341,36414600
02/03/2017,140,140.279999,138.759995,138.960007,135.322083,26211000
03/03/2017,138.779999,139.830002,138.589996,139.779999,136.120605,21108100
06/03/2017,139.369995,139.770004,138.600006,139.339996,135.692108,21750000
07/03/2017,139.059998,139.979996,138.789993,139.520004,135.867416,17446300
08/03/2017,138.949997,139.800003,138.820007,139,135.361053,18707200
09/03/2017,138.740005,138.789993,137.050003,138.679993,135.049393,22155900
10/03/2017,139.25,139.360001,138.639999,139.139999,135.49736,19612800
13/03/2017,138.850006,139.429993,138.820007,139.199997,135.555786,17421700
14/03/2017,139.300003,139.649994,138.839996,138.990005,135.351273,15309100
15/03/2017,139.410004,140.75,139.029999,140.460007,136.782822,25691800
16/03/2017,140.720001,141.020004,140.259995,140.690002,137.006775,19232000
17/03/2017,141,141,139.889999,139.990005,136.325134,43885000
20/03/2017,140.399994,141.5,140.229996,141.460007,137.756653,21542000
21/03/2017,142.110001,142.800003,139.729996,139.839996,136.179031,39529900
22/03/2017,139.850006,141.600006,139.759995,141.419998,137.717682,25860200
23/03/2017,141.259995,141.580002,140.610001,140.919998,137.230774,20346300
24/03/2017,141.5,141.740005,140.350006,140.639999,136.958115,22395600
27/03/2017,139.389999,141.220001,138.619995,140.880005,137.191849,23575100
28/03/2017,140.910004,144.039993,140.619995,143.800003,140.03537,33374800
29/03/2017,143.679993,144.490005,143.190002,144.119995,140.347,29190000
30/03/2017,144.190002,144.5,143.5,143.929993,140.161972,21207300
31/03/2017,143.720001,144.270004,143.009995,143.660004,139.899048,19661700
03/04/2017,143.710007,144.119995,143.050003,143.699997,139.938004,19985700
04/04/2017,143.25,144.889999,143.169998,144.770004,140.97998,19891400
05/04/2017,144.220001,145.460007,143.809998,144.020004,140.249619,27717900
06/04/2017,144.289993,144.520004,143.449997,143.660004,139.899048,21149000
07/04/2017,143.729996,144.179993,143.270004,143.339996,139.587402,16672200
10/04/2017,143.600006,143.880005,142.899994,143.169998,139.42186,18933400
11/04/2017,142.940002,143.350006,140.059998,141.630005,137.922195,30379400
12/04/2017,141.600006,142.149994,141.009995,141.800003,138.087708,20350000
13/04/2017,141.910004,142.380005,141.050003,141.050003,137.357361,17822900
17/04/2017,141.479996,141.880005,140.869995,141.830002,138.116943,16582100
18/04/2017,141.410004,142.039993,141.110001,141.199997,137.503418,14697500
19/04/2017,141.880005,142,140.449997,140.679993,136.997055,17328400
20/04/2017,141.220001,142.919998,141.160004,142.440002,138.710983,23319600
21/04/2017,142.440002,142.679993,141.850006,142.270004,138.545441,17320900
24/04/2017,143.5,143.949997,143.179993,143.639999,139.879547,17134300
25/04/2017,143.910004,144.899994,143.869995,144.529999,140.746262,18871500
26/04/2017,144.470001,144.600006,143.380005,143.679993,139.918503,20041200
27/04/2017,143.919998,144.160004,143.309998,143.789993,140.025604,14246300
28/04/2017,144.089996,144.300003,143.270004,143.649994,139.889297,20860400
01/05/2017,145.100006,147.199997,144.960007,146.580002,142.742584,33602900
02/05/2017,147.539993,148.089996,146.839996,147.509995,143.648239,45352200
03/05/2017,145.589996,147.490005,144.270004,147.059998,143.210037,45697000
04/05/2017,146.520004,147.139999,145.809998,146.529999,142.693909,23371900
05/05/2017,146.759995,148.979996,146.759995,148.960007,145.060272,27327700
08/05/2017,149.029999,153.699997,149.029999,153.009995,149.004242,48752400
09/05/2017,153.869995,154.880005,153.449997,153.990005,149.958603,39130400
10/05/2017,153.630005,153.940002,152.110001,153.259995,149.247681,25805700
11/05/2017,152.449997,154.070007,152.309998,153.949997,150.538452,27255100
12/05/2017,154.699997,156.419998,154.669998,156.100006,152.640808,32527000
15/05/2017,156.009995,156.649994,155.050003,155.699997,152.24968,26009700
16/05/2017,155.940002,156.059998,154.720001,155.470001,152.02478,20048500
17/05/2017,153.600006,154.570007,149.710007,150.25,146.920456,50767700
18/05/2017,151.270004,153.339996,151.130005,152.539993,149.159698,33568200
19/05/2017,153.380005,153.979996,152.630005,153.059998,149.668167,26960800
22/05/2017,154,154.580002,152.910004,153.990005,150.577576,22966400
23/05/2017,154.899994,154.899994,153.309998,153.800003,150.391785,19918900
24/05/2017,153.839996,154.169998,152.669998,153.339996,149.941971,19178000
25/05/2017,153.729996,154.350006,153.029999,153.869995,150.460205,19235600
26/05/2017,154,154.240005,153.309998,153.610001,150.205994,21927600
30/05/2017,153.419998,154.429993,153.330002,153.669998,150.264664,20126900
31/05/2017,153.970001,154.169998,152.380005,152.759995,149.374802,24451200
01/06/2017,153.169998,153.330002,152.220001,153.179993,149.785507,16404100
02/06/2017,153.580002,155.449997,152.889999,155.449997,152.005219,27770700
05/06/2017,154.339996,154.449997,153.460007,153.929993,150.51889,25331700
06/06/2017,153.899994,155.809998,153.779999,154.449997,151.027374,26624900
07/06/2017,155.020004,155.979996,154.479996,155.369995,151.926987,21069600
08/06/2017,155.25,155.539993,154.399994,154.990005,151.55542,21250800
09/06/2017,155.190002,155.190002,146.020004,148.979996,145.678589,64882700
12/06/2017,145.740005,146.089996,142.509995,145.419998,142.197479,72307300
13/06/2017,147.160004,147.449997,145.149994,146.589996,143.341537,34165400
14/06/2017,147.5,147.5,143.839996,145.160004,141.943237,31531200
15/06/2017,143.320007,144.479996,142.210007,144.289993,141.092514,32165400
16/06/2017,143.779999,144.5,142.199997,142.270004,139.117294,50361100
19/06/2017,143.660004,146.740005,143.660004,146.339996,143.097107,32541400
20/06/2017,146.869995,146.869995,144.940002,145.009995,141.79657,24900100
21/06/2017,145.520004,146.070007,144.610001,145.869995,142.637497,21265800
22/06/2017,145.770004,146.699997,145.119995,145.630005,142.402832,19106300
23/06/2017,145.130005,147.160004,145.110001,146.279999,143.038422,35439400
26/06/2017,147.169998,148.279999,145.380005,145.820007,142.588638,25692400
27/06/2017,145.009995,146.160004,143.619995,143.729996,140.544937,24761900
28/06/2017,144.490005,146.110001,143.160004,145.830002,142.598404,22082400
29/06/2017,144.710007,145.130005,142.279999,143.679993,140.496048,31499400
30/06/2017,144.449997,144.960007,143.779999,144.020004,140.828522,23024100
03/07/2017,144.880005,145.300003,143.100006,143.5,140.320023,14277800
05/07/2017,143.690002,144.789993,142.720001,144.089996,140.896942,21569600
06/07/2017,143.020004,143.5,142.410004,142.729996,139.567093,24128800
07/07/2017,142.899994,144.75,142.899994,144.179993,140.98494,19201700
10/07/2017,144.110001,145.949997,143.369995,145.059998,141.845444,21090600
11/07/2017,144.729996,145.850006,144.380005,145.529999,142.305038,19781800
12/07/2017,145.869995,146.179993,144.820007,145.740005,142.510376,24884500
13/07/2017,145.5,148.490005,145.440002,147.770004,144.495407,25199400
14/07/2017,147.970001,149.330002,147.330002,149.039993,145.737244,20132100
17/07/2017,148.820007,150.899994,148.570007,149.559998,146.245728,23793500
18/07/2017,149.199997,150.130005,148.669998,150.080002,146.754242,17868800
19/07/2017,150.479996,151.419998,149.949997,151.020004,147.673386,20923000
20/07/2017,151.5,151.740005,150.190002,150.339996,147.008469,17243700
21/07/2017,149.990005,150.440002,148.880005,150.270004,146.940033,26252600
24/07/2017,150.580002,152.440002,149.899994,152.089996,148.719681,21493200
25/07/2017,151.800003,153.839996,151.800003,152.740005,149.355286,18853900
26/07/2017,153.350006,153.929993,153.059998,153.460007,150.059326,15781000
27/07/2017,153.75,153.990005,147.300003,150.559998,147.223572,32476300
28/07/2017,149.889999,150.229996,149.190002,149.5,146.187073,17213700
31/07/2017,149.899994,150.330002,148.130005,148.729996,145.434128,19845900
01/08/2017,149.100006,150.220001,148.410004,150.050003,146.724869,35368600
02/08/2017,159.279999,159.75,156.160004,157.139999,153.657776,69936800
03/08/2017,157.050003,157.210007,155.020004,155.570007,152.122543,27097300
04/08/2017,156.070007,157.399994,155.690002,156.389999,152.924377,20559900
07/08/2017,157.059998,158.919998,156.669998,158.809998,155.290771,21870300
08/08/2017,158.600006,161.830002,158.270004,160.080002,156.532623,36205900
09/08/2017,159.259995,161.270004,159.110001,161.059998,157.490906,26131500
10/08/2017,159.899994,160,154.630005,155.320007,152.474503,40804300
11/08/2017,156.600006,158.570007,156.070007,157.479996,154.59494,26257100
14/08/2017,159.320007,160.210007,158.75,159.850006,156.921555,22122700
15/08/2017,160.660004,162.199997,160.139999,161.600006,158.639465,29465500
16/08/2017,161.940002,162.509995,160.149994,160.949997,158.001373,27671600
17/08/2017,160.520004,160.710007,157.839996,157.860001,154.968002,27940600
18/08/2017,157.860001,159.5,156.720001,157.5,154.614578,27428100
21/08/2017,157.5,157.889999,155.110001,157.210007,154.32991,26368500
22/08/2017,158.229996,160,158.020004,159.779999,156.852814,21604600
23/08/2017,159.070007,160.470001,158.880005,159.979996,157.049133,19399100
24/08/2017,160.429993,160.740005,158.550003,159.270004,156.352158,19818900
25/08/2017,159.649994,160.559998,159.270004,159.860001,156.93132,25480100
28/08/2017,160.139999,162,159.929993,161.470001,158.511841,25966000
29/08/2017,160.100006,163.119995,160,162.910004,159.925476,29516900
30/08/2017,163.800003,163.889999,162.610001,163.350006,160.357422,27269600
31/08/2017,163.639999,164.520004,163.479996,164,160.995499,26785100
01/09/2017,164.800003,164.940002,163.630005,164.050003,161.044571,16591100
05/09/2017,163.75,164.25,160.559998,162.080002,159.110687,29468500
06/09/2017,162.710007,162.990005,160.520004,161.910004,158.943787,21651700
07/09/2017,162.089996,162.240005,160.360001,161.259995,158.305695,21928500
08/09/2017,160.860001,161.149994,158.529999,158.630005,155.723892,28611500
11/09/2017,160.5,162.050003,159.889999,161.5,158.54129,31580800
12/09/2017,162.610001,163.960007,158.770004,160.860001,157.913025,71714000
13/09/2017,159.869995,159.960007,157.910004,159.649994,156.725174,44907400
14/09/2017,158.990005,159.399994,158.089996,158.279999,155.380295,23760700
15/09/2017,158.470001,160.970001,158,159.880005,156.950989,49114600
18/09/2017,160.110001,160.5,158,158.669998,155.763138,28269400
19/09/2017,159.509995,159.770004,158.440002,158.729996,155.822052,20810600
20/09/2017,157.899994,158.259995,153.830002,156.070007,153.210785,52951400
21/09/2017,155.800003,155.800003,152.75,153.389999,150.57988,37511700
22/09/2017,151.539993,152.270004,150.559998,151.889999,149.107361,46645400
25/09/2017,149.990005,151.830002,149.160004,150.550003,147.791901,44387300
26/09/2017,151.779999,153.919998,151.690002,153.139999,150.334457,36660000
27/09/2017,153.800003,154.720001,153.539993,154.229996,151.404495,25504200
28/09/2017,153.889999,154.279999,152.699997,153.279999,150.471893,22005500
29/09/2017,153.210007,154.130005,152,154.119995,151.296494,26299800
02/10/2017,154.259995,154.449997,152.720001,153.809998,150.992188,18698800
03/10/2017,154.009995,155.089996,153.910004,154.479996,151.649902,16230300
04/10/2017,153.630005,153.860001,152.460007,153.479996,150.668228,20163800
05/10/2017,154.179993,155.440002,154.050003,155.389999,152.543228,21283800
06/10/2017,154.970001,155.490005,154.559998,155.300003,152.45488,17407600
09/10/2017,155.809998,156.729996,155.490005,155.839996,152.985001,16262900
10/10/2017,156.059998,158,155.100006,155.899994,153.043884,15617000
11/10/2017,155.970001,156.979996,155.75,156.550003,153.681992,16905600
12/10/2017,156.350006,157.369995,155.729996,156,153.142059,16125100
13/10/2017,156.729996,157.279999,156.410004,156.990005,154.113922,16394200
16/10/2017,157.899994,160,157.649994,159.880005,156.950989,24121500
17/10/2017,159.779999,160.869995,159.229996,160.470001,157.530167,18997300
18/10/2017,160.419998,160.710007,159.600006,159.759995,156.83316,16374200
19/10/2017,156.75,157.080002,155.020004,155.979996,153.122421,42584200
20/10/2017,156.610001,157.75,155.960007,156.25,153.387482,23974100
23/10/2017,156.889999,157.690002,155.5,156.169998,153.308929,21984300
24/10/2017,156.289993,157.419998,156.199997,157.100006,154.221909,17757200
25/10/2017,156.910004,157.550003,155.270004,156.410004,153.544556,21207100
26/10/2017,157.229996,157.830002,156.779999,157.410004,154.526215,17000500
27/10/2017,159.289993,163.600006,158.699997,163.050003,160.062897,44454200
30/10/2017,163.889999,168.070007,163.720001,166.720001,163.66568,44700800
31/10/2017,167.899994,169.649994,166.940002,169.039993,165.943161,36046800
01/11/2017,169.869995,169.940002,165.610001,166.889999,163.832565,33637800
02/11/2017,166.600006,168.5,165.279999,168.110001,165.030197,41393400
03/11/2017,174,174.259995,171.119995,172.5,169.339783,59398600
06/11/2017,172.369995,174.990005,171.720001,174.25,171.057724,35026300
07/11/2017,173.910004,175.25,173.600006,174.809998,171.607452,24361500
08/11/2017,174.660004,176.240005,174.330002,176.240005,173.011261,24409500
09/11/2017,175.110001,176.100006,173.139999,175.880005,172.657867,29482600
10/11/2017,175.110001,175.380005,174.270004,174.669998,172.086426,25145500
13/11/2017,173.5,174.5,173.399994,173.970001,171.39679,16982100
14/11/2017,173.039993,173.479996,171.179993,171.339996,168.805664,24782500
15/11/2017,169.970001,170.320007,168.380005,169.080002,166.579117,29158100
16/11/2017,171.179993,171.869995,170.300003,171.100006,168.56926,23637500
17/11/2017,171.039993,171.389999,169.639999,170.149994,167.633301,21899500
20/11/2017,170.289993,170.559998,169.559998,169.979996,167.46579,16262400
21/11/2017,170.779999,173.699997,170.779999,173.139999,170.579071,25131300
22/11/2017,173.360001,175,173.050003,174.960007,172.372147,25588900
24/11/2017,175.100006,175.5,174.649994,174.970001,172.382004,14026700
27/11/2017,175.050003,175.080002,173.339996,174.089996,171.514999,20716800
28/11/2017,174.300003,174.869995,171.860001,173.070007,170.510101,26428800
29/11/2017,172.630005,172.919998,167.160004,169.479996,166.973206,41666400
30/11/2017,170.429993,172.139999,168.440002,171.850006,169.308151,41527200
01/12/2017,169.949997,171.669998,168.5,171.050003,168.519974,39759300
04/12/2017,172.479996,172.619995,169.630005,169.800003,167.288483,32542400
05/12/2017,169.059998,171.520004,168.399994,169.639999,167.130829,27350200
06/12/2017,167.5,170.199997,166.460007,169.009995,166.510162,28560000
07/12/2017,169.029999,170.440002,168.910004,169.320007,166.815567,25673300
08/12/2017,170.490005,171,168.820007,169.369995,166.864822,23355200
11/12/2017,169.199997,172.889999,168.789993,172.669998,170.116028,35273800
12/12/2017,172.149994,172.389999,171.460007,171.699997,169.16037,19409200
13/12/2017,172.5,173.539993,172,172.270004,169.721939,23818400
14/12/2017,172.399994,173.130005,171.649994,172.220001,169.672668,20476500
15/12/2017,173.630005,174.169998,172.460007,173.970001,171.39679,40169300
18/12/2017,174.880005,177.199997,174.860001,176.419998,173.810547,29421100
19/12/2017,175.029999,175.389999,174.089996,174.539993,171.958359,27436400
20/12/2017,174.869995,175.419998,173.25,174.350006,171.771179,23475600
21/12/2017,174.169998,176.020004,174.100006,175.009995,172.421402,20949900
22/12/2017,174.679993,175.419998,174.5,175.009995,172.421402,16114600
26/12/2017,170.800003,171.470001,169.679993,170.570007,168.047089,33185500
27/12/2017,170.100006,170.779999,169.710007,170.600006,168.076645,21498200
28/12/2017,171,171.850006,170.479996,171.080002,168.549545,16480200
29/12/2017,170.520004,170.589996,169.220001,169.229996,166.726913,25884400
02/01/2018,170.160004,172.300003,169.259995,172.259995,169.712067,25555900
03/01/2018,172.529999,174.550003,171.960007,172.229996,169.68251,29517900
04/01/2018,172.539993,173.470001,172.080002,173.029999,170.470703,22434600
05/01/2018,173.440002,175.369995,173.050003,175,172.41156,23660000
08/01/2018,174.350006,175.610001,173.929993,174.350006,171.771179,20567800
09/01/2018,174.550003,175.059998,173.410004,174.330002,171.751465,21584000
10/01/2018,173.160004,174.300003,173,174.289993,171.712051,23959900
11/01/2018,174.589996,175.490005,174.490005,175.279999,172.687408,18667700
12/01/2018,176.179993,177.360001,175.649994,177.089996,174.470642,25226000
16/01/2018,177.899994,179.389999,176.139999,176.190002,173.583969,29565900
17/01/2018,176.149994,179.25,175.070007,179.100006,176.450928,34386800
18/01/2018,179.369995,180.100006,178.25,179.259995,176.608551,31193400
19/01/2018,178.610001,179.580002,177.410004,178.460007,175.820389,32425100
22/01/2018,177.300003,177.779999,176.600006,177,174.381973,27108600
23/01/2018,177.300003,179.440002,176.820007,177.039993,174.421387,32689100
24/01/2018,177.25,177.300003,173.199997,174.220001,171.643082,51105100
25/01/2018,174.509995,174.949997,170.529999,171.110001,168.579086,41529000
26/01/2018,172,172,170.059998,171.509995,168.973175,39143000
29/01/2018,170.160004,170.160004,167.070007,167.960007,165.475677,50640400
30/01/2018,165.529999,167.369995,164.699997,166.970001,164.500336,46048200
31/01/2018,166.869995,168.440002,166.5,167.429993,164.953522,32478900
01/02/2018,167.169998,168.619995,166.759995,167.779999,165.298355,47230800
02/02/2018,166,166.800003,160.100006,160.5,158.126022,86593800
05/02/2018,159.100006,163.880005,156,156.490005,154.175354,72738500
06/02/2018,154.830002,163.720001,154,163.029999,160.618591,68243800
07/02/2018,163.089996,163.399994,159.070007,159.539993,157.180222,51608600
08/02/2018,160.289993,161,155.029999,155.149994,152.855148,54390500
09/02/2018,157.070007,157.889999,150.240005,156.410004,154.724808,70672600
12/02/2018,158.5,163.889999,157.509995,162.710007,160.956924,60819500
13/02/2018,161.949997,164.75,161.649994,164.339996,162.569351,32549200
14/02/2018,163.039993,167.539993,162.880005,167.369995,165.566696,40644900
15/02/2018,169.789993,173.089996,169,172.990005,171.12616,51147200
16/02/2018,172.360001,174.820007,171.770004,172.429993,170.572189,40176100
20/02/2018,172.050003,174.259995,171.419998,171.850006,169.998444,33930500
21/02/2018,172.830002,174.119995,171.009995,171.070007,169.226852,37471600
22/02/2018,171.800003,173.949997,171.710007,172.5,170.641434,30991900
23/02/2018,173.669998,175.649994,173.539993,175.5,173.6091,33812400
26/02/2018,176.350006,179.389999,176.210007,178.970001,177.041733,38162200
27/02/2018,179.100006,180.479996,178.160004,178.389999,176.467987,38928100
28/02/2018,179.259995,180.619995,178.050003,178.119995,176.200882,37782100
01/03/2018,178.539993,179.779999,172.660004,175,173.114502,48802000
02/03/2018,172.800003,176.300003,172.449997,176.210007,174.311478,38454000
05/03/2018,175.210007,177.740005,174.520004,176.820007,174.914902,28401400
06/03/2018,177.910004,178.25,176.130005,176.669998,174.76651,23788500
07/03/2018,174.940002,175.850006,174.270004,175.029999,173.14418,31703500
08/03/2018,175.479996,177.119995,175.070007,176.940002,175.0336,23774100
09/03/2018,177.960007,180,177.389999,179.979996,178.040833,32185200
12/03/2018,180.289993,182.389999,180.210007,181.720001,179.762085,32207100
13/03/2018,182.589996,183.5,179.240005,179.970001,178.030945,31693500
14/03/2018,180.320007,180.520004,177.809998,178.440002,176.517426,29368400
15/03/2018,178.5,180.240005,178.070007,178.649994,176.725159,22743800
16/03/2018,178.649994,179.119995,177.619995,178.020004,176.101959,39404700
19/03/2018,177.320007,177.470001,173.660004,175.300003,173.411285,33446800
20/03/2018,175.240005,176.800003,174.940002,175.240005,173.351913,19649400
21/03/2018,175.039993,175.089996,171.259995,171.270004,169.424683,36338100
22/03/2018,170,172.679993,168.600006,168.850006,167.030762,41490800
23/03/2018,168.389999,169.919998,164.940002,164.940002,163.162888,41028800
26/03/2018,168.070007,173.100006,166.440002,172.770004,170.908539,37541200
27/03/2018,173.679993,175.149994,166.919998,168.339996,166.52626,40922600
28/03/2018,167.25,170.020004,165.190002,166.479996,164.686295,41668500
29/03/2018,167.809998,171.75,166.899994,167.779999,165.97229,38398500
02/04/2018,166.639999,168.940002,164.470001,166.679993,164.88414,37586800
03/04/2018,167.639999,168.75,164.880005,168.389999,166.575714,30278000
04/04/2018,164.880005,172.009995,164.770004,171.610001,169.761032,34605500
05/04/2018,172.580002,174.229996,172.080002,172.800003,170.938202,26933200
06/04/2018,170.970001,172.479996,168.199997,168.380005,166.565842,35005300
09/04/2018,169.880005,173.089996,169.850006,170.050003,168.217834,29017700
10/04/2018,173,174,171.529999,173.25,171.383347,28408600
11/04/2018,172.229996,173.919998,171.699997,172.440002,170.582092,22431600
12/04/2018,173.410004,175,173.039993,174.139999,172.263763,22889300
13/04/2018,174.779999,175.839996,173.850006,174.729996,172.847412,25124300
16/04/2018,175.029999,176.190002,174.830002,175.820007,173.925674,21578400
17/04/2018,176.490005,178.940002,176.410004,178.240005,176.319595,26509000
18/04/2018,177.809998,178.820007,176.880005,177.839996,175.923889,20754500
19/04/2018,173.759995,175.389999,172.660004,172.800003,170.938202,34808800
20/04/2018,170.600006,171.220001,165.429993,165.720001,163.934479,65491100
23/04/2018,166.830002,166.919998,164.089996,165.240005,163.459656,36515500
24/04/2018,165.669998,166.330002,161.220001,162.940002,161.184448,33692000
25/04/2018,162.619995,165.419998,162.410004,163.649994,161.88678,28382100
26/04/2018,164.119995,165.729996,163.369995,164.220001,162.450653,27963000
27/04/2018,164,164.330002,160.630005,162.320007,160.571121,35655800
30/04/2018,162.130005,167.259995,161.839996,165.259995,163.479431,42427400
01/05/2018,166.410004,169.199997,165.270004,169.100006,167.278061,53569400
02/05/2018,175.229996,177.75,173.800003,176.570007,174.667587,66539400
03/05/2018,175.880005,177.5,174.440002,176.889999,174.984131,34068200
04/05/2018,178.25,184.25,178.169998,183.830002,181.84935,56201300
07/05/2018,185.179993,187.669998,184.75,185.160004,183.165024,42451400
08/05/2018,184.990005,186.220001,183.669998,186.050003,184.045441,28402800
09/05/2018,186.550003,187.399994,185.220001,187.360001,185.341339,23211200
10/05/2018,187.740005,190.369995,187.649994,190.039993,187.992447,27989300
11/05/2018,189.490005,190.059998,187.449997,188.589996,187.277466,26212200
14/05/2018,189.009995,189.529999,187.860001,188.149994,186.840515,20778800
15/05/2018,186.779999,187.070007,185.100006,186.440002,185.142426,23695200
16/05/2018,186.070007,188.460007,186,188.179993,186.8703,19183100
17/05/2018,188,188.910004,186.360001,186.990005,185.688599,17294000
18/05/2018,187.190002,187.809998,186.130005,186.309998,185.013336,18297700
21/05/2018,188,189.270004,186.910004,187.630005,186.324142,18400800
22/05/2018,188.380005,188.880005,186.779999,187.160004,185.857422,15240700
23/05/2018,186.350006,188.5,185.759995,188.360001,187.049057,20058400
24/05/2018,188.770004,188.839996,186.210007,188.149994,186.840515,23234000
25/05/2018,188.229996,189.649994,187.649994,188.580002,187.267532,17461000
29/05/2018,187.600006,188.75,186.869995,187.899994,186.59227,22514100
30/05/2018,187.720001,188,186.779999,187.5,186.195038,18690500
31/05/2018,187.220001,188.229996,186.139999,186.869995,185.569427,27482800
01/06/2018,187.990005,190.259995,187.75,190.240005,188.915985,23442500
04/06/2018,191.639999,193.419998,191.350006,191.830002,190.494904,26266200
05/06/2018,193.070007,193.940002,192.360001,193.309998,191.9646,21566000
06/06/2018,193.630005,194.080002,191.919998,193.979996,192.629944,20933600
07/06/2018,194.139999,194.199997,192.339996,193.460007,192.113571,21347200
08/06/2018,191.169998,192,189.770004,191.699997,190.365814,26656800
11/06/2018,191.350006,191.970001,190.210007,191.229996,189.899094,18308500
12/06/2018,191.389999,192.610001,191.149994,192.279999,190.941772,16911100
13/06/2018,192.419998,192.880005,190.440002,190.699997,189.372772,21638400
14/06/2018,191.550003,191.570007,190.220001,190.800003,189.472076,21610100
15/06/2018,190.029999,190.160004,188.259995,188.839996,187.525711,61719200
18/06/2018,187.880005,189.220001,187.199997,188.740005,187.426422,18484900
19/06/2018,185.139999,186.330002,183.449997,185.690002,184.397644,33578500
20/06/2018,186.350006,187.199997,185.729996,186.5,185.202011,20628700
21/06/2018,187.25,188.350006,184.940002,185.460007,184.16925,25711900
22/06/2018,186.119995,186.149994,184.699997,184.919998,183.632996,27200400
25/06/2018,183.399994,184.919998,180.729996,182.169998,180.902145,31663100
26/06/2018,182.990005,186.529999,182.539993,184.429993,183.146408,24569200
27/06/2018,185.229996,187.279999,184.029999,184.160004,182.878296,25285300
28/06/2018,184.100006,186.210007,183.800003,185.5,184.208969,17365200
29/06/2018,186.289993,187.190002,182.910004,185.110001,183.821686,22737700
02/07/2018,183.820007,187.300003,183.419998,187.179993,185.877258,17731300
03/07/2018,187.789993,187.949997,183.539993,183.919998,182.639954,13954800
05/07/2018,185.259995,186.410004,184.279999,185.399994,184.10965,16604200
06/07/2018,185.419998,188.429993,185.199997,187.970001,186.661789,17485200
09/07/2018,189.5,190.679993,189.300003,190.580002,189.253616,19756600
10/07/2018,190.710007,191.279999,190.179993,190.350006,189.025208,15939100
11/07/2018,188.5,189.779999,187.610001,187.880005,186.572403,18831500
12/07/2018,189.529999,191.410004,189.309998,191.029999,189.700485,18041100
13/07/2018,191.080002,191.839996,190.899994,191.330002,189.998398,12513900
16/07/2018,191.520004,192.649994,190.419998,190.910004,189.581314,15043100
17/07/2018,189.75,191.869995,189.199997,191.449997,190.117554,15534500
18/07/2018,191.779999,191.800003,189.929993,190.399994,189.07486,16393400
19/07/2018,189.690002,192.550003,189.690002,191.880005,190.544571,20286800
20/07/2018,191.779999,192.429993,190.169998,191.440002,190.107635,20676200
23/07/2018,190.679993,191.960007,189.559998,191.610001,190.276443,15989400
24/07/2018,192.449997,193.660004,192.050003,193,191.656769,18697900
25/07/2018,193.059998,194.850006,192.429993,194.820007,193.464111,16709900
26/07/2018,194.610001,195.960007,193.610001,194.210007,192.858353,19076000
27/07/2018,194.990005,195.190002,190.100006,190.979996,189.650818,24024000
30/07/2018,191.899994,192.199997,189.070007,189.910004,188.588272,21029500
31/07/2018,190.300003,192.139999,189.339996,190.289993,188.965622,39373000
01/08/2018,199.130005,201.759995,197.309998,201.5,200.09761,67935700
02/08/2018,200.580002,208.380005,200.350006,207.389999,205.946625,62404000
03/08/2018,207.029999,208.740005,205.479996,207.990005,206.54245,33447400
06/08/2018,208,209.25,207.070007,209.070007,207.614929,25425400
07/08/2018,209.320007,209.5,206.759995,207.110001,205.668579,25587400
08/08/2018,206.050003,207.809998,204.520004,207.25,205.807602,22525500
09/08/2018,209.529999,209.779999,207.199997,208.880005,207.426254,23492600
10/08/2018,207.360001,209.100006,206.669998,207.529999,206.808411,24611200
13/08/2018,209.309998,210.949997,207.699997,208.869995,208.143753,25890900
14/08/2018,210.160004,210.559998,208.259995,209.75,209.020691,20748000
15/08/2018,209.220001,210.740005,208.330002,210.240005,209.508987,28807600
16/08/2018,211.75,213.809998,211.470001,213.320007,212.578293,28500400
17/08/2018,213.440002,217.949997,213.160004,217.580002,216.823471,35427000
20/08/2018,218.100006,219.179993,215.110001,215.460007,214.710846,30287700
21/08/2018,216.800003,217.190002,214.029999,215.039993,214.292297,26159800
22/08/2018,214.100006,216.360001,213.839996,215.050003,214.302261,19018100
23/08/2018,214.649994,217.050003,214.600006,215.490005,214.740738,18883200
24/08/2018,216.600006,216.899994,215.110001,216.160004,215.408401,18476400
27/08/2018,217.149994,218.740005,216.330002,217.940002,217.18222,20525100
28/08/2018,219.009995,220.539993,218.919998,219.699997,218.936096,22776800
29/08/2018,220.149994,223.490005,219.410004,222.979996,222.204681,27254800
30/08/2018,223.25,228.259995,222.399994,225.029999,224.247559,48793800
31/08/2018,226.509995,228.869995,226,227.630005,226.838531,43340100
04/09/2018,228.410004,229.179993,226.630005,228.360001,227.565979,27390100
05/09/2018,228.990005,229.669998,225.100006,226.869995,226.081161,33333000
06/09/2018,226.229996,227.350006,221.300003,223.100006,222.32428,34290000
07/09/2018,221.850006,225.369995,220.710007,221.300003,220.530533,37619800
10/09/2018,220.949997,221.850006,216.470001,218.330002,217.570862,39516500
11/09/2018,218.009995,224.300003,216.559998,223.850006,223.071671,35749000
12/09/2018,224.940002,225,219.839996,221.070007,220.301346,49278700
13/09/2018,223.520004,228.350006,222.570007,226.410004,225.622772,41706400
14/09/2018,225.75,226.839996,222.520004,223.839996,223.061691,31999300
17/09/2018,222.149994,222.949997,217.270004,217.880005,217.122421,37195100
18/09/2018,217.789993,221.850006,217.119995,218.240005,217.481171,31571700
19/09/2018,218.5,219.619995,215.300003,218.369995,217.610718,27123800
20/09/2018,220.240005,222.279999,219.149994,220.029999,219.264954,26608800
21/09/2018,220.779999,221.360001,217.289993,217.660004,216.903198,96246700
24/09/2018,216.820007,221.259995,216.630005,220.789993,220.022293,27693400
25/09/2018,219.75,222.820007,219.699997,222.190002,221.417435,24554400
26/09/2018,221,223.75,219.759995,220.419998,219.653595,23984700
27/09/2018,223.820007,226.440002,223.539993,224.949997,224.167831,30181200
28/09/2018,224.789993,225.839996,224.020004,225.740005,224.955093,22929400
01/10/2018,227.949997,229.419998,226.350006,227.259995,226.469803,23600800
02/10/2018,227.25,230,226.630005,229.279999,228.482788,24788200
03/10/2018,230.050003,233.470001,229.779999,232.070007,231.263092,28654800
04/10/2018,230.779999,232.350006,226.729996,227.990005,227.197281,32042000
05/10/2018,227.960007,228.410004,220.580002,224.289993,223.510132,33580500
08/10/2018,222.210007,224.800003,220.199997,223.770004,222.991943,29663900
09/10/2018,223.639999,227.270004,222.25,226.869995,226.081161,26891000
10/10/2018,225.460007,226.350006,216.050003,216.360001,215.607712,41990600
11/10/2018,214.520004,219.5,212.320007,214.449997,213.704346,53124400
12/10/2018,220.419998,222.880005,216.839996,222.110001,221.337723,40337900
15/10/2018,221.160004,221.830002,217.270004,217.360001,216.604233,30791000
16/10/2018,218.929993,222.990005,216.759995,222.149994,221.377563,29184000
17/10/2018,222.300003,222.639999,219.339996,221.190002,220.420914,22885400
18/10/2018,217.860001,219.740005,213,216.020004,215.26889,32581300
19/10/2018,218.059998,221.259995,217.429993,219.309998,218.547455,33078700
22/10/2018,219.789993,223.360001,218.940002,220.649994,219.882782,28792100
23/10/2018,215.830002,223.25,214.699997,222.729996,221.955551,38767800
24/10/2018,222.600006,224.229996,214.539993,215.089996,214.342117,40925500
25/10/2018,217.710007,221.380005,216.75,219.800003,219.035751,29855800
26/10/2018,215.899994,220.190002,212.669998,216.300003,215.547913,47258400
29/10/2018,219.190002,219.690002,206.089996,212.240005,211.502045,45935500
30/10/2018,211.149994,215.179993,209.270004,213.300003,212.55835,36660000
31/10/2018,216.880005,220.449997,216.619995,218.860001,218.099014,38358900